CCFEE_5036	175	19925181	512	584254	54164	113858.18	24	310430	72	83264	60.58	NA	17	14	96.1	96.0	0.1	1.2	2.7	1764	12233604	11207032	165.3
CHIFNET_10NJ071	4904	42661397	500	450825	691	8699.31	100	129498	378	16608	58.71	1	32	41	96.7	22.4	74.3	1.1	2.2	1764	14097972	11849016	41.7
CHIFNET_12H1194	192	19421020	519	1122207	4755	101151.15	15	345586	53	109982	60.53	NA	13	20	94.0	94.0	0.0	1.0	5.0	1764	15172264	12921498	99.8
CHIFNET_12H1239	233	19726476	501	1182277	5654	84662.99	21	301064	66	81622	60.55	NA	19	13	94.9	94.8	0.1	1.3	3.8	1764	6996726	6107458	46.4
CHIFNET_12TZ210	170	19512598	510	828529	10548	114779.99	17	445001	51	103666	60.59	1	10	20	94.5	94.4	0.1	1.2	4.3	1764	13925662	11961787	92.0
CHIFNET_12TZ220	170	19878283	501	807623	20378	116931.08	19	348882	57	110596	60.58	1	11	21	96.4	96.3	0.1	0.8	2.8	1764	13638794	11441694	86.3
CHIFNET_12TZ307	182	19586246	501	967349	5907	107616.74	17	424668	50	114507	60.54	NA	19	13	94.8	94.7	0.1	0.9	4.3	1764	13953596	11644501	89.2
CHIFNET_12TZ349	177	19502829	501	791643	16430	110185.47	21	335440	58	102624	60.59	NA	12	18	94.5	94.4	0.1	1.1	4.4	1764	13130906	11367670	87.4
CHIFNET_13H1268	612	40260968	502	718312	23939	65785.90	67	178717	231	45075	60.58	NA	28	27	97.3	19.4	77.9	1.0	1.7	1764	13404162	12172243	45.4
CHIFNET_13TZ419	153	19267905	502	972622	20512	125934.02	18	388565	52	113923	60.58	1	20	12	93.0	92.9	0.1	1.2	5.8	1764	14933972	12946869	100.8
CHIFNET_14HX707	181	19728758	501	1222367	5905	108998.66	17	435371	51	125017	60.51	NA	14	17	95.2	95.1	0.1	1.0	3.8	1764	14747930	12605632	95.8
CHIFNET_14NJ214	1627	40074826	505	196443	13395	24631.12	245	50192	786	14427	60.57	NA	23	32	95.8	30.1	65.7	1.8	2.4	1764	8494596	7403876	27.7
CHIFNET_14NJ227	251	19686219	501	616793	26444	78431.15	30	234803	93	65372	60.57	NA	19	12	94.7	94.6	0.1	1.4	3.9	1764	5946010	5077935	38.7
CHIFNET_14NJ231	196	19499035	501	791552	5687	99484.87	19	353683	55	106031	60.57	NA	17	14	94.3	94.2	0.1	0.9	4.8	1764	12484964	10638083	81.8
CHIFNET_15TZ568	166	19712224	501	910873	16431	118748.34	17	418425	53	103943	60.57	NA	16	15	95.5	95.4	0.1	1.1	3.4	1764	14543052	12815335	97.5
CHIFNET_16H1488	180	19412905	501	1186059	5469	107849.47	17	384091	54	113923	60.59	NA	18	14	94.6	94.5	0.1	0.8	4.6	1764	12570978	10726215	82.9
CHIFNET_16TZ588	163	19415533	501	1375019	8405	119113.70	18	351517	52	129034	60.59	NA	17	15	94.1	94.0	0.1	1.0	4.9	1764	15621718	13649883	105.5
CHIFNET_16TZ598	169	19511032	501	1014687	21834	115449.89	19	387339	55	113922	60.59	NA	15	17	94.6	94.5	0.1	1.1	4.3	1764	13016362	11144133	85.7
CHIFNET_17TZ638	172	19561272	501	1390119	5683	113728.33	17	426898	49	117694	60.58	NA	15	16	95.0	95.0	0.0	0.9	4.1	1764	16055890	14216529	109.0
CHIFNET_17TZ653	164	19849096	502	828438	10500	121031.07	20	354091	53	114524	60.57	1	15	15	96.4	96.3	0.1	0.9	2.7	1764	14220332	12544662	94.8
CHIFNET_17TZ658	170	19970570	501	793178	11193	117473.94	18	429760	54	113923	60.58	NA	17	14	96.9	96.8	0.1	1.0	2.1	1764	14207836	12496017	93.9
CHIFNET_18HX1218	157	19545688	510	1391765	11247	124494.83	15	407958	51	105152	60.59	NA	11	18	94.8	94.8	0.0	1.0	4.2	1764	41560104	38402427	294.7
CHIFNET_18HX1225	197	19045929	504	922516	8405	96679.84	20	311668	62	97654	60.56	NA	11	20	92.6	92.6	0.0	0.8	6.6	1764	43715510	38961622	306.8
CHIFNET_18NJ590	4018	41975929	500	690059	1062	10446.97	73	153501	691	4343	60.19	NA	38	32	97.6	29.3	68.3	0.7	1.7	1764	47669644	44312027	158.3
CHIFNET_18TZ699	158	19553304	501	1388691	11247	123755.09	17	356429	50	114652	60.59	NA	13	16	95.0	95.0	0.0	0.9	4.1	1764	39926632	36573844	280.6
CHIFNET_19HX1293	152	19509758	501	1069471	16421	128353.67	17	425299	49	118605	60.59	NA	14	16	94.9	94.8	0.1	0.9	4.2	1764	41930838	38135043	293.2
CHIFNET_A343	152	19365519	501	828573	10500	127404.73	17	424626	49	130613	60.59	NA	10	21	94.4	94.4	0.0	1.0	4.6	1764	37913200	33394203	258.7
CHIFNET_CBS316	255	19054602	508	797974	4361	74723.93	22	287134	72	85451	60.55	NA	13	19	92.4	92.3	0.1	1.0	6.6	1764	32007258	27341187	215.2
CHIFNET_CGMCC_2.2506	139	19553686	510	828498	11192	140674.00	17	446618	45	142628	60.59	NA	14	17	94.8	94.8	0.0	1.0	4.2	1764	46901040	41633053	319.4
CHIFNET_CGMCC_2.5541	159	19501325	501	1268075	22133	122649.84	15	421463	52	103694	60.59	1	17	15	94.8	94.7	0.1	0.9	4.3	1764	36958468	34079071	262.1
CHIFNET_CGMCC_2.5690	189	19340591	501	914346	12728	102331.17	22	301046	62	109857	60.57	NA	20	13	93.4	93.4	0.0	0.9	5.7	1764	37216686	33221042	257.7
DBVPG_10075	83	22685085	505	1559765	90390	273314.28	10	737661	31	246748	48.94	NA	NA	NA	90.2	90.0	0.2	1.9	7.9	1764	12880762	12690886	84.5
DBVPG_10348	111	18803808	587	1227408	105492	169403.68	18	349864	55	107176	62.59	1	18	11	95.4	95.3	0.1	1.5	3.1	1764	8681794	8296899	66.2
DBVPG_10383	240	21824908	519	937713	17706	90937.12	23	284305	77	75454	67.51	NA	17	13	97.9	97.8	0.1	0.6	1.5	1764	10370396	10140341	69.7
DBVPG_10619	179	20037327	512	971613	25442	111940.37	15	445237	58	86783	60.59	NA	18	11	94.4	91.6	2.8	0.9	4.7	1764	9661058	8952594	67.0
DBVPG_10656	168	20210493	507	1265289	50795	120300.55	19	314880	63	90814	60.57	2	12	20	96.8	95.4	1.4	0.9	2.3	1764	8408822	8061390	59.8
DBVPG_10753	279	21878229	501	841207	11672	78416.59	29	245740	91	73525	67.53	NA	14	17	98.1	98.0	0.1	0.6	1.3	1764	8690082	8511330	58.4
DBVPG_10780	176	20123891	515	1073722	28316	114340.29	18	381933	61	94890	60.56	1	19	15	95.8	95.6	0.2	1.2	3.0	1764	9617652	8991305	67.0
DBVPG_10842	183	20043732	511	1118028	34289	109528.59	19	321723	65	100433	60.56	NA	15	17	96.2	95.7	0.5	0.9	2.9	1764	11415250	10903785	81.6
DBVPG_10882	179	19901830	512	954161	45400	111183.41	22	274599	71	81936	60.58	NA	14	19	96.6	96.5	0.1	1.1	2.3	1764	8665592	8046640	60.6
DBVPG_10886	185	19117878	516	671860	25021	103339.88	21	323114	66	94099	60.55	1	14	17	91.5	91.3	0.2	1.2	7.3	1764	7567860	6804919	53.4
DBVPG_10937	186	20411091	522	1124404	41759	109737.05	23	271283	71	94786	60.57	1	25	8	96.0	95.8	0.2	0.9	3.1	1764	8596820	8018501	58.9
DBVPG_3044	177	19643715	513	1330255	24745	110981.44	17	309406	58	102770	60.53	NA	13	17	95.3	95.2	0.1	0.7	4.0	1764	13717466	12267164	93.7
DBVPG_3045	754	38468233	501	497806	24293	51018.88	95	114093	324	36015	60.36	NA	28	32	96.9	27.9	69.0	1.1	2.0	1764	9157432	8429841	32.9
DBVPG_3090	440	20113228	500	1281815	696	45711.88	21	287178	67	80514	60.46	NA	14	16	96.4	96.3	0.1	0.8	2.8	1764	18829696	16531995	124.1
DBVPG_3235	245	19806251	512	773399	11193	80841.84	22	267044	79	67938	60.54	NA	14	14	95.4	95.2	0.2	1.0	3.6	1764	10569768	9244139	70.5
DBVPG_3236	193	18840552	521	1214645	35536	97619.44	22	236526	73	76993	60.56	NA	20	10	90.5	89.5	1.0	1.0	8.5	1764	8660732	7512392	59.8
DBVPG_3237	243	19858041	510	754238	20399	81720.33	26	251233	84	65432	60.53	NA	15	16	95.7	95.6	0.1	1.0	3.3	1764	9057220	8077877	61.4
DBVPG_3238	404	19595708	500	703651	730	48504.23	22	309596	71	71145	60.49	NA	16	15	94.2	94.2	0.0	1.2	4.6	1764	9215232	7526000	58.0
DBVPG_3381	174	19488812	514	1127923	16310	112004.67	17	323650	56	113954	60.55	NA	16	15	94.4	94.4	0.0	0.9	4.7	1764	17463728	15281588	118.4
DBVPG_3382	182	19585255	532	879589	16858	107611.29	19	324766	59	112391	60.55	NA	19	12	94.9	94.8	0.1	0.8	4.3	1764	15582470	14073482	108.5
DBVPG_3383	204	19478824	500	824039	11192	95484.43	21	283856	65	88376	60.58	NA	19	12	94.4	94.4	0.0	0.9	4.7	1764	10457418	8854490	68.6
DBVPG_3384	211	19528850	518	1163064	11966	92553.79	21	265652	67	91653	60.57	NA	17	13	94.4	94.4	0.0	0.9	4.7	1764	10336304	8743786	67.6
DBVPG_3442	349	20250264	500	786072	837	58023.68	25	275475	76	81211	60.48	NA	13	18	96.7	96.1	0.6	1.1	2.2	1764	9405204	8717739	65.0
DBVPG_3443	228	20028674	501	756571	10500	87845.06	24	290229	75	80451	60.53	NA	14	17	96.6	96.5	0.1	1.3	2.1	1764	10467724	9679820	73.0
DBVPG_3444	841	39429162	500	497453	20649	46883.66	105	115305	354	30303	60.35	NA	29	36	96.7	25.4	71.3	1.4	1.9	1764	10236030	9280430	35.5
DBVPG_3768	151	19102890	505	2024694	18631	126509.21	13	418713	46	110874	61.99	1	12	17	93.7	93.5	0.2	1.0	5.3	1764	12656774	11215555	88.7
DBVPG_3769	142	18308713	505	1093653	10144	128934.60	13	451013	42	115248	62.03	1	15	15	90.8	90.6	0.2	1.2	8.0	1764	62978332	45875253	378.4
DBVPG_3770	128	19014547	511	1306163	22560	148551.15	13	451026	42	147962	62.00	1	13	16	93.5	93.3	0.2	1.2	5.3	1764	17164790	15037403	119.4
DBVPG_3771	220	19416574	505	1041157	20886	88257.15	24	230406	77	73845	62.03	NA	15	14	94.9	94.8	0.1	1.4	3.7	1764	7992500	6812664	53.0
DBVPG_3772	115	18094514	506	1093679	32376	157343.60	12	457605	39	154409	62.03	1	13	16	90.2	90.0	0.2	1.2	8.6	1764	170941748	140825029	1175.2
DBVPG_3773	163	19474243	511	1041456	26574	119473.88	19	345285	56	101542	62.03	NA	15	15	95.6	95.3	0.3	1.2	3.2	1764	14447788	11834950	91.8
DBVPG_3774	189	19483286	520	949403	11192	103086.17	18	331239	59	104945	60.55	NA	14	17	94.2	94.2	0.0	1.0	4.8	1764	13634968	11916821	92.4
DBVPG_3775	158	19981421	516	1072810	27926	126464.69	17	376214	54	115597	60.57	NA	14	17	97.0	96.9	0.1	0.8	2.2	1764	129304870	113805906	860.0
DBVPG_3776	223	20030989	504	756599	4263	89825.06	24	291070	71	103520	60.52	NA	14	17	97.0	96.9	0.1	0.9	2.1	1764	14687630	12911489	97.3
DBVPG_3777	197	20006878	519	893420	28241	101557.76	22	296500	69	87077	60.54	NA	20	11	96.6	96.5	0.1	1.1	2.3	1764	14858848	13345623	100.7
DBVPG_3778	324	19961131	503	580083	26116	61608.43	38	157324	126	43200	60.57	NA	21	11	96.4	96.3	0.1	1.4	2.2	1764	6725026	5794283	43.8
DBVPG_3780	157	20523354	519	1277728	50815	130722.00	19	312908	60	115424	60.56	NA	17	14	97.0	96.1	0.9	0.9	2.1	1764	11455506	10538610	77.1
DBVPG_3853	173	18293568	505	983891	22476	105743.17	19	309925	62	80096	62.00	NA	14	14	90.6	90.4	0.2	1.3	8.1	1764	14494064	11734740	96.9
DBVPG_3854	878	39178349	500	642026	4573	44622.27	75	157877	255	40887	60.59	NA	39	25	97.4	24.4	73.0	0.9	1.7	1764	18928888	16254622	62.6
DBVPG_3855	372	39597867	500	1392531	16006	106445.88	37	347681	117	88744	60.65	NA	31	32	97.8	18.8	79.0	0.6	1.6	1764	121713172	104776681	399.5
DBVPG_3856	986	39916276	502	317443	19800	40483.04	131	94620	436	25700	60.65	NA	37	28	97.0	25.3	71.7	0.9	2.1	1764	13398154	11773026	44.5
DBVPG_3857	876	39933818	502	496447	15442	45586.55	97	130616	329	33029	60.62	NA	30	35	97.4	23.4	74.0	0.9	1.7	1764	14430880	12428660	47.0
DBVPG_3858	157	19982790	520	1072808	28281	127278.92	17	351381	55	114846	60.57	NA	17	14	97.0	96.9	0.1	0.8	2.2	1764	109248308	95436611	721.2
DBVPG_3983	440	20017813	500	895657	760	45495.03	22	267442	73	71308	60.47	NA	10	20	96.1	95.9	0.2	0.9	3.0	1764	17738488	16120594	121.6
DBVPG_3984	226	19890191	501	897173	11193	88009.69	22	281932	72	73135	60.54	NA	10	19	95.8	95.7	0.1	0.9	3.3	1764	13750686	12589568	95.6
DBVPG_4201	214	20077253	500	793939	8495	93818.94	20	341457	64	94092	60.53	NA	13	19	96.2	96.1	0.1	1.1	2.7	1764	11242286	10048680	75.6
DBVPG_4202	325	19895892	500	828442	1446	61218.13	26	260421	80	67644	60.51	NA	15	16	95.8	95.7	0.1	0.9	3.3	1764	10647690	9400397	71.3
DBVPG_4203	184	19447172	503	972693	9348	105691.15	18	394487	53	103871	60.56	NA	17	14	94.3	94.2	0.1	0.9	4.8	1764	15279766	13368088	103.8
DBVPG_4304	171	19438924	515	972775	29504	113677.92	19	334777	60	103573	60.56	NA	12	19	94.3	94.2	0.1	1.1	4.6	1764	10982270	10228694	78.9
DBVPG_4376	216	19739854	508	828287	23625	91388.21	25	272188	76	78196	60.58	NA	19	12	95.2	95.2	0.0	1.1	3.7	1764	16906416	14970336	114.5
DBVPG_4377	1304	20615880	500	500141	639	15809.72	36	179318	123	44375	60.19	NA	19	12	95.8	95.7	0.1	1.2	3.0	1764	7617182	6818938	49.9
DBVPG_4378	159	19666006	504	1135405	10852	123685.57	16	403744	52	119040	60.58	NA	15	17	95.5	95.4	0.1	0.9	3.6	1764	173646868	139871528	1074.0
DBVPG_4380	5903	36643034	500	344748	2979	6207.53	791	12779	3113	2710	59.98	NA	24	34	90.3	62.3	28.0	5.1	4.6	1764	6658698	6113950	25.2
DBVPG_4408	273	19867656	504	731047	17726	72775.30	28	199765	96	62660	60.55	NA	12	19	95.8	95.7	0.1	1.0	3.2	1764	6075788	5501291	41.5
DBVPG_4466	212	19442786	500	828441	21985	91711.25	22	296982	71	86454	60.56	NA	16	15	94.3	94.2	0.1	1.1	4.6	1764	7009154	6312177	48.7
DBVPG_4530	106	19690518	548	1107391	98663	185759.60	14	427117	46	128749	60.70	NA	13	20	97.4	97.4	0.0	0.8	1.8	1764	3963252	3715128	28.3
DBVPG_4531	155	19654437	500	1161962	22334	126802.82	15	469118	49	109149	60.59	NA	16	17	97.2	97.2	0.0	0.7	2.1	1764	5490162	5380719	41.1
DBVPG_4534	160	19685902	508	1088928	34334	123036.89	17	373110	58	101711	60.04	NA	12	13	95.8	95.7	0.1	1.5	2.7	1764	12909052	11374874	86.7
DBVPG_4610	199	20869536	501	1125062	56964	104872.04	28	223313	87	79809	64.09	NA	12	15	97.5	97.4	0.1	0.8	1.7	1764	25589828	23419004	169.4
DBVPG_4618	173	20367311	507	1018960	22476	117730.12	17	442257	56	108501	60.53	NA	11	21	96.5	96.4	0.1	1.1	2.4	1764	17266950	16398723	120.8
DBVPG_4629	262	21020045	500	670969	3841	80229.18	22	344369	64	84933	68.45	NA	8	14	98.9	98.8	0.1	0.3	0.8	1764	13301138	12997644	92.8
DBVPG_4669	128	18630553	515	1139676	41467	145551.20	17	400848	47	122694	60.58	NA	11	18	91.0	91.0	0.0	0.9	8.1	1764	11228028	9552656	76.9
DBVPG_4920	268	20002046	501	756537	31456	74634.50	31	189416	105	54944	60.53	NA	16	16	96.4	96.3	0.1	1.4	2.2	1764	4464810	4210423	31.6
DBVPG_4945	288	19799631	511	756334	19450	68748.72	31	172060	106	53955	60.57	NA	15	18	95.7	95.6	0.1	1.1	3.2	1764	3695814	3429148	26.0
DBVPG_4946	198	20134454	510	1265189	50805	101689.16	23	266308	77	88180	60.53	1	16	15	96.7	96.5	0.2	1.1	2.2	1764	6377696	6048881	45.1
DBVPG_4947	259	20035248	511	935417	16843	77356.17	24	252753	87	64308	60.55	NA	18	15	95.9	95.7	0.2	1.3	2.8	1764	5619690	5109070	38.3
DBVPG_4949	141	19738608	504	843988	49210	139990.13	18	408297	53	116870	60.56	NA	16	13	95.6	95.6	0.0	0.9	3.5	1764	10333418	9526410	72.4
DBVPG_4950	147	19745012	521	996523	40524	134319.81	18	385409	54	114654	60.57	NA	14	17	95.4	95.4	0.0	1.1	3.5	1764	9313584	8546782	64.9
DBVPG_4956	208	19853059	515	902538	25441	95447.40	21	300358	71	72696	60.57	NA	15	14	96.1	96.0	0.1	1.1	2.8	1764	7445848	6704055	50.7
DBVPG_4957	171	19953990	501	942023	21517	116690.00	17	421765	56	112830	60.57	NA	17	12	96.4	96.3	0.1	1.1	2.5	1764	8185894	7543437	56.7
DBVPG_4958	153	19933150	515	1210386	56422	130282.03	20	308963	61	111139	60.56	NA	15	18	95.8	95.6	0.2	0.9	3.3	1764	13402600	12496858	94.0
DBVPG_4962	184	19969266	507	1068526	51626	108528.62	25	258738	73	89103	60.57	NA	20	11	96.8	96.7	0.1	1.1	2.1	1764	7708736	7341136	55.1
DBVPG_4963	164	19977185	520	790759	52189	121812.10	19	368834	62	94993	60.57	NA	20	10	96.8	96.7	0.1	1.0	2.2	1764	9256610	8783751	66.0
DBVPG_4964	157	20152119	515	949043	35463	128357.45	19	341949	56	113907	60.55	1	17	12	96.3	95.2	1.1	1.1	2.6	1764	8271528	7763487	57.8
DBVPG_5225	159	19920585	512	1266055	58524	125286.70	22	306911	64	110030	60.58	1	21	11	96.6	96.4	0.2	1.0	2.4	1764	10026758	9362996	70.5
DBVPG_5226	147	20245580	512	706721	74703	137725.03	22	321155	66	110035	60.57	NA	17	16	96.7	96.3	0.4	1.1	2.2	1764	10924568	10143308	75.2
DBVPG_5227	157	19915202	512	920376	54423	126848.42	20	330112	61	102960	60.58	NA	14	18	96.7	96.6	0.1	1.1	2.2	1764	10094680	9550199	71.9
DBVPG_5228	165	19998087	508	774668	52407	121200.53	20	321943	65	98399	60.58	NA	14	18	96.5	96.1	0.4	1.1	2.4	1764	9126786	8641957	64.8
DBVPG_5229	135	19491809	508	1119402	53584	144383.77	16	430096	51	120011	60.57	1	13	19	94.7	94.6	0.1	1.0	4.3	1764	15180088	14074607	108.3
DBVPG_5235	145	19970430	512	1197157	53182	137727.10	18	346525	56	117053	60.58	2	13	19	96.7	96.6	0.1	1.0	2.3	1764	12005106	11410690	85.7
DBVPG_5236	186	19512202	515	834451	24721	104904.31	21	334637	63	103563	60.57	NA	19	13	94.3	94.2	0.1	1.1	4.6	1764	9378262	8294861	63.8
DBVPG_5757	188	19899856	515	924055	43157	105850.30	23	258494	72	98865	60.57	NA	14	16	94.9	94.8	0.1	0.9	4.2	1764	9065000	8025436	60.5
DBVPG_5758	189	19548202	515	1137224	27541	103429.64	22	259504	69	104453	60.57	NA	11	16	94.4	94.4	0.0	0.7	4.9	1764	8957630	8240745	63.2
DBVPG_5759	202	19389175	508	1160228	32870	95986.01	22	267910	72	71764	60.57	NA	12	14	93.1	93.1	0.0	1.0	5.9	1764	8397032	7619990	59.0
DBVPG_6081	437	20970331	500	385356	4880	47987.03	41	185429	126	42532	68.43	NA	12	20	97.9	97.8	0.1	0.7	1.4	1764	11440044	11152394	79.8
DBVPG_6083	257	20399257	501	911727	17677	79374.54	24	254829	85	57367	68.03	NA	16	11	98.5	98.3	0.2	0.6	0.9	1764	8219358	7982072	58.7
DBVPG_6091	201	19963507	520	818769	37629	99320.93	25	245288	79	78186	60.57	1	13	19	96.6	96.5	0.1	1.2	2.2	1764	7674252	7277662	54.7
DBVPG_6092	184	19956562	506	799185	35883	108459.58	21	316982	66	86290	60.57	1	14	19	96.8	96.7	0.1	1.0	2.2	1764	9247256	8901225	66.9
DBVPG_6093	225	19524750	504	646944	31907	86776.67	27	247176	86	65669	60.57	NA	16	15	93.7	93.6	0.1	1.4	4.9	1764	7949622	7127754	54.8
DBVPG_6121	203	20237638	510	1019545	4741	99692.80	16	466933	48	118752	61.91	NA	14	15	97.8	97.6	0.2	0.7	1.5	1764	8778674	8554271	63.4
DBVPG_6195	347	20893848	518	952102	7097	60212.82	34	190575	108	57722	66.99	NA	7	9	97.6	97.4	0.2	1.0	1.4	1764	15045128	14684003	105.4
DBVPG_6202	426	21051107	502	738080	7941	49415.74	43	148928	140	41045	66.97	NA	9	11	97.6	97.2	0.4	0.7	1.7	1764	10022054	9770561	69.6
DBVPG_6593	173	20141446	520	944096	33722	116424.54	19	329995	62	103877	60.53	NA	14	17	96.9	96.4	0.5	0.9	2.2	1764	10244338	9727732	72.4
DBVPG_6660	176	19761198	503	1574268	21568	112279.53	15	393155	53	103530	60.57	1	17	11	94.6	94.5	0.1	0.7	4.7	1764	8937688	8423245	63.9
DBVPG_6739	203	20599790	504	1181918	3206	101476.80	14	476832	45	126369	61.78	NA	11	15	97.9	97.8	0.1	0.6	1.5	1764	11181776	10748615	78.3
DBVPG_6740	374	19883901	505	673494	14343	53165.51	34	189723	131	33897	63.14	NA	NA	6	93.9	93.7	0.2	1.7	4.4	1764	8384200	8213597	62.0
DBVPG_6741	201	19809406	502	1378431	36959	98554.26	22	255271	78	72871	60.57	NA	17	12	96.0	95.9	0.1	1.0	3.0	1764	7292464	6854120	51.9
DBVPG_6742	181	19900736	515	910305	16135	109948.82	20	320793	59	101258	60.55	1	18	10	96.2	96.1	0.1	1.0	2.8	1764	8603166	8221625	62.0
DBVPG_6743	179	20105951	514	962049	44234	112323.75	19	318384	68	83513	60.55	NA	19	12	96.8	96.5	0.3	0.9	2.3	1764	8984454	8443515	63.0
DBVPG_6803	178	19814329	500	1199216	19348	111316.46	18	319576	61	106257	60.57	NA	13	18	96.0	95.9	0.1	1.0	3.0	1764	8403222	7797200	59.0
DBVPG_7019	185	19413452	522	972649	21375	104937.58	20	304813	63	109702	60.58	NA	16	14	94.2	94.1	0.1	1.1	4.7	1764	7954786	7420702	57.3
DBVPG_7021	262	20415923	501	911829	12456	77923.37	23	276614	79	61385	68.02	NA	14	15	98.6	98.5	0.1	0.4	1.0	1764	9879048	9644744	70.9
DBVPG_7316	92	20813282	561	1605105	101298	226231.33	12	646139	38	139954	64.23	2	16	17	97.7	97.7	0.0	0.9	1.4	1764	8984060	8801864	63.4
DBVPG_7323	108	21067437	500	1614194	54528	195068.86	12	496385	38	173104	64.16	NA	12	14	98.2	98.0	0.2	0.7	1.1	1764	11187414	11013292	78.4
DBVPG_7539	233	21839799	501	1429128	24276	93733.04	22	317608	84	67690	67.52	NA	15	16	97.4	97.3	0.1	1.0	1.6	1764	8765122	8570707	58.9
DBVPG_7922	525	20297710	500	306167	11562	38662.30	66	101732	194	32730	61.30	NA	18	11	96.4	96.4	0.0	1.2	2.4	1764	6436332	5892599	43.8
DBVPG_7947	146	18912674	513	1460850	18465	129538.86	12	417786	42	112243	65.66	NA	15	8	98.1	98.0	0.1	0.4	1.5	1764	19389344	18984863	151.6
DBVPG_8043	181	19814201	513	1070664	38029	109470.72	21	279925	68	97572	60.03	1	18	13	96.1	96.0	0.1	1.5	2.4	1764	10425024	9942363	75.3
DBVPG_8058	277	20914558	503	659067	11151	75503.82	27	252579	85	68333	68.48	NA	21	10	99.0	98.9	0.1	0.4	0.6	1764	10551898	10221231	73.3
EXF_10545	259	22237162	525	1723339	13580	85857.77	21	336236	78	67023	49.23	NA	11	10	96.3	96.2	0.1	1.2	2.5	1764	6395440	6276894	42.3
EXF_11626	396	21839626	516	706662	7832	55150.57	37	182870	127	45186	67.34	NA	11	21	97.9	97.4	0.5	0.6	1.5	1764	8464816	8299454	57.0
EXF_12281	178	19877550	527	1041024	30425	111671.63	18	329296	62	103589	60.57	1	13	17	95.9	95.9	0.0	1.0	3.1	1764	10529756	9508325	71.8
EXF_12333	86	20276635	510	1495111	14365	235774.83	10	737004	28	220505	59.39	5	16	16	96.6	96.6	0.0	0.7	2.7	1764	8949296	8746026	64.7
EXF_12768	1760	21786729	500	424965	1142	12378.82	58	120276	256	10047	60.45	1	16	20	96.3	95.8	0.5	1.4	2.3	1764	11750558	10713477	73.8
EXF_13250	208	19966703	505	1186364	10479	95993.76	19	325729	62	81128	60.56	NA	13	10	96.0	95.9	0.1	1.0	3.0	1764	8542710	7219632	54.2
EXF_13255	187	19684435	513	1188692	14793	105264.36	14	384306	53	89032	60.57	1	11	12	93.8	93.7	0.1	1.0	5.2	1764	9280792	7593805	57.9
EXF_13260	171	19908870	515	849578	31266	116426.14	18	392205	59	103530	60.57	NA	10	21	96.3	96.2	0.1	0.9	2.8	1764	8689382	7940807	59.8
EXF_13261	178	19657770	500	1008797	21986	110436.91	19	341070	59	103918	60.59	1	18	13	94.3	94.2	0.1	0.9	4.8	1764	10895660	9779381	74.6
EXF_13298	434	20989816	501	692025	6387	48363.63	41	165533	133	43880	66.97	NA	11	9	97.1	96.9	0.2	1.2	1.7	1764	11865058	11617271	83.0
EXF_13474	194	20276952	503	973083	9766	104520.37	17	366031	58	99125	62.01	1	15	12	98.3	98.1	0.2	0.6	1.1	1764	10588360	8712916	64.5
EXF_13599	183	19445666	531	827065	41771	106260.47	24	254905	71	100827	60.57	NA	14	14	94.1	94.1	0.0	0.9	5.0	1764	9615344	8695121	67.1
EXF_13600	170	19889423	515	807942	41010	116996.61	22	318539	62	111109	60.57	NA	16	15	95.8	95.5	0.3	1.0	3.2	1764	8530580	7614329	57.4
EXF_13601	176	19977577	506	933622	39011	113508.96	18	319575	63	92149	60.58	NA	10	18	96.8	96.7	0.1	1.0	2.2	1764	8457372	7381075	55.4
EXF_13602	160	19773526	516	969595	27660	123584.54	18	383645	55	114618	60.58	1	16	16	94.5	94.3	0.2	1.1	4.4	1764	11268920	9874499	74.9
EXF_13604	172	20128478	510	925032	63494	117026.03	24	247111	76	90382	60.54	NA	16	17	96.6	96.4	0.2	1.0	2.4	1764	10889512	9755778	72.7
EXF_13753	242	20400355	501	889262	16232	84298.99	25	258181	76	69455	68.02	NA	8	23	98.5	98.4	0.1	0.5	1.0	1764	9362500	9177664	67.5
EXF_14446	153	18812521	509	986437	50562	122957.65	22	285230	64	98767	62.59	NA	12	17	95.3	95.2	0.1	1.3	3.4	1764	8411856	8007529	63.8
EXF_14539	221	20874131	506	786627	18246	94453.08	26	276544	73	84040	68.48	NA	20	11	99.0	98.8	0.2	0.4	0.6	1764	10302856	10089711	72.5
EXF_1510	203	19998397	515	1086425	42704	98514.27	25	256926	82	67655	60.57	NA	14	18	96.5	96.4	0.1	1.3	2.2	1764	6836840	5811003	43.6
EXF_1565	161	19916668	515	700011	54620	123706.01	21	319582	64	103788	60.57	NA	14	17	96.3	96.2	0.1	1.0	2.7	1764	9919370	8803717	66.3
EXF_1585	177	19416741	502	980163	24323	109699.10	19	334651	58	103681	60.59	NA	18	13	94.4	94.3	0.1	1.0	4.6	1764	9000124	8058309	62.3
EXF_1676	158	19599678	515	838139	40059	124048.59	21	320667	59	125018	60.57	NA	19	12	94.8	94.7	0.1	1.0	4.2	1764	11713048	10237774	78.4
EXF_1686	187	19931892	515	971138	14309	106587.66	19	354341	60	103561	60.55	NA	14	18	96.0	95.9	0.1	1.0	3.0	1764	9641938	8555332	64.4
EXF_1695	540	19451369	500	1084955	871	36021.05	21	316530	63	97265	60.53	NA	14	20	92.3	92.0	0.3	1.1	6.6	1764	11356442	9837982	75.9
EXF_1704	158	20033111	513	882336	42466	126791.84	19	355997	58	107121	60.58	NA	19	13	94.7	94.6	0.1	1.1	4.2	1764	11849936	10221131	76.5
EXF_2251	185	20010260	513	969385	16078	108163.57	20	323137	62	103929	60.54	NA	15	17	94.7	94.5	0.2	0.9	4.4	1764	9810632	8546780	64.1
EXF_3417	175	19729589	522	1044269	11040	112740.51	19	323123	58	114615	60.55	NA	16	16	94.7	94.6	0.1	1.0	4.3	1764	11135884	9932944	75.5
EXF_3438	384	20886692	505	502629	13176	54392.43	40	161889	137	44481	67.00	NA	10	7	97.4	97.2	0.2	0.9	1.7	1764	7465618	7317988	52.6
EXF_3464	202	20960959	500	2312860	1652	103767.12	7	981164	24	172529	48.26	NA	NA	NA	87.3	87.2	0.1	3.0	9.7	1764	7521074	7416516	53.1
EXF_3530	180	19798601	500	846114	38850	109992.23	21	318685	64	87449	60.57	NA	15	16	95.6	95.5	0.1	1.1	3.3	1764	8337052	7655340	58.0
EXF_3538	164	19317636	520	872836	36668	117790.46	18	371588	56	101320	60.56	NA	12	18	92.5	92.4	0.1	1.0	6.5	1764	8742832	7190707	55.8
EXF_3540	154	18841682	501	606840	36414	122348.58	20	347245	55	118272	60.55	NA	14	16	91.8	91.7	0.1	1.0	7.2	1764	11089062	9739018	77.5
EXF_3544	202	19911452	500	1008811	15050	98571.54	22	319600	65	95963	60.55	NA	18	14	96.0	95.9	0.1	0.8	3.2	1764	9894854	9156047	69.0
EXF_3546	322	20909805	501	558297	16779	64937.28	34	186299	113	53510	66.96	NA	10	8	97.5	97.3	0.2	0.7	1.8	1764	10713026	10442337	74.9
EXF_3569	195	18893965	501	1270344	8405	96892.13	18	323125	61	94095	60.53	1	16	16	90.7	90.6	0.1	1.2	8.1	1764	9016064	7862449	62.4
EXF_3592	161	20568843	522	971119	54489	127756.79	21	334658	62	114380	60.59	NA	8	22	95.3	91.6	3.7	1.1	3.6	1764	9498430	8774562	64.0
EXF_3595	166	19992120	520	1071421	38758	120434.46	20	323139	61	104247	60.56	NA	16	17	96.9	96.8	0.1	0.8	2.3	1764	12249050	11336345	85.1
EXF_3604	167	20075211	519	938786	35760	120210.84	19	372174	58	90121	60.56	NA	21	10	96.7	96.6	0.1	0.9	2.4	1764	8611414	7639858	57.1
EXF_3609	165	18441351	515	787630	27014	111765.76	18	385604	56	101483	60.57	NA	11	19	90.1	90.0	0.1	1.1	8.8	1764	9448078	7934745	64.5
EXF_3612	185	19488111	515	828508	10723	105341.14	20	337192	59	109745	60.55	NA	16	15	93.9	93.8	0.1	0.9	5.2	1764	11054688	9786775	75.3
EXF_3622	172	20049566	522	934408	39434	116567.24	20	319628	63	103740	60.56	1	17	15	95.9	95.7	0.2	0.8	3.3	1764	9456580	8858446	66.3
EXF_3626	142	19870280	543	973776	52304	139931.55	17	415783	51	110294	60.57	NA	21	11	95.4	95.4	0.0	1.0	3.6	1764	11531436	10697004	80.8
EXF_3629	183	19516076	506	935132	11032	106645.22	14	470782	49	92722	60.57	1	9	14	93.5	93.4	0.1	0.9	5.6	1764	9840562	8543060	65.7
EXF_3633	195	19794966	503	1197943	21159	101512.65	16	307619	63	79826	60.58	1	16	14	94.4	94.3	0.1	0.7	4.9	1764	8650770	7668193	58.1
EXF_3697	268	21785768	516	852023	7566	81290.18	22	319390	76	74594	67.53	NA	17	15	97.9	97.8	0.1	0.6	1.5	1764	10698082	10489805	72.2
EXF_3790	168	20038851	520	1080267	42203	119278.88	19	321483	64	93272	60.57	1	16	16	96.8	96.4	0.4	0.9	2.3	1764	10899150	10414213	78.0
EXF_3860	180	19990220	511	756662	50795	111056.78	26	298893	73	103567	60.57	NA	17	16	96.6	96.4	0.2	1.1	2.3	1764	8111554	7180420	53.9
EXF_3861	188	19989950	502	756659	50795	106329.52	23	308281	73	86375	60.57	NA	18	15	96.6	96.5	0.1	1.1	2.3	1764	9440188	8257425	62.0
EXF_3862	201	19934002	520	953721	40019	99174.14	23	301070	77	72214	60.57	NA	18	14	96.5	96.4	0.1	0.7	2.8	1764	8015474	7171707	54.0
EXF_4029	421	20912259	506	551019	11482	49672.82	45	141954	150	40376	66.99	NA	11	4	97.3	97.2	0.1	0.9	1.8	1764	9101100	8894137	63.8
EXF_4148	114	17567406	507	1102296	79809	154100.05	12	495405	48	98197	57.33	NA	NA	NA	87.0	86.8	0.2	2.8	10.2	1764	8102092	7906900	67.5
EXF_4236	381	20970737	502	588467	14810	55041.30	43	147998	139	44365	66.99	NA	7	8	97.6	97.4	0.2	0.9	1.5	1764	10461482	10209252	73.0
EXF_4884	381	20903295	505	801104	11255	54864.29	38	166799	125	48525	66.98	NA	11	12	97.8	97.7	0.1	0.8	1.4	1764	9871922	9618072	69.0
EXF_4885	162	20007053	522	1065585	66449	123500.33	21	307204	71	87139	60.58	NA	20	12	96.7	96.6	0.1	1.0	2.3	1764	8878740	8471515	63.5
EXF_4886	164	17522207	506	1320230	31579	106842.73	18	277042	57	89939	63.56	2	10	13	96.5	96.5	0.0	1.1	2.4	1764	9900670	9717541	83.2
EXF_5546	175	19906284	515	793930	21987	113750.19	19	382477	58	109782	60.57	NA	10	20	96.1	96.0	0.1	1.1	2.8	1764	9984302	9059125	68.3
EXF_5666	228	19738425	500	910959	28408	86572.04	26	219355	85	65535	60.02	NA	13	19	93.9	93.8	0.1	1.5	4.6	1764	9410096	8106144	61.6
EXF_5775	192	18852303	508	779330	29185	98189.08	25	257634	72	88253	60.55	NA	15	17	91.5	91.5	0.0	0.9	7.6	1764	9640546	8178672	65.1
EXF_5938	172	19434022	501	972669	39362	112988.50	22	300323	64	103681	60.59	1	10	21	94.3	94.1	0.2	1.0	4.7	1764	9468436	8192130	63.2
EXF_5939	192	20031758	515	934192	28747	104332.07	22	309578	67	88074	60.55	NA	15	18	96.2	96.1	0.1	1.1	2.7	1764	8751238	7678679	57.5
EXF_5940	213	19978079	515	965816	37322	93793.80	26	232776	82	72703	60.57	NA	13	17	96.4	96.3	0.1	1.0	2.6	1764	8226076	7223311	54.2
EXF_5941	182	19794601	515	828437	29671	108761.54	21	331194	64	102227	60.57	NA	16	15	95.5	95.4	0.1	1.2	3.3	1764	8118060	7295059	55.3
EXF_6243	207	19873872	508	826867	36546	96009.04	24	268592	77	80838	60.57	NA	17	15	96.1	96.1	0.0	0.9	3.0	1764	8127162	7146983	53.9
EXF_6252	209	19874645	503	826715	25238	95094.00	23	268580	74	78178	60.57	NA	10	22	96.1	96.0	0.1	0.9	3.0	1764	8827216	7918123	59.8
EXF_6325	189	19780047	515	977764	13516	104656.33	18	331822	59	101324	60.57	NA	17	14	95.7	95.6	0.1	1.0	3.3	1764	7867006	7338254	55.6
EXF_6360	173	20061171	507	700039	42388	115960.53	22	340228	63	97213	60.56	NA	16	14	96.5	96.4	0.1	1.0	2.5	1764	10271426	9217950	68.9
EXF_6370	178	19727104	500	1022851	41743	110826.43	19	317876	64	96723	60.57	NA	18	12	95.3	95.0	0.3	0.8	3.9	1764	9053008	8044252	61.2
EXF_6373	216	19443061	515	921567	36037	90014.17	27	235352	82	70977	60.56	NA	15	16	93.7	93.7	0.0	1.0	5.3	1764	7763238	6679585	51.5
EXF_6481	261	20862001	510	964254	8444	79931.04	23	312386	72	66908	68.47	1	15	14	99.1	99.0	0.1	0.3	0.6	1764	10644000	10364519	74.5
EXF_7045	284	20990344	502	625433	9129	73909.66	30	247652	86	72092	68.48	NA	16	15	98.9	98.8	0.1	0.3	0.8	1764	9715650	9492217	67.8
EXF_7386	177	19525209	513	1468489	18317	110311.92	13	428046	53	81146	60.57	NA	10	14	93.5	93.4	0.1	1.0	5.5	1764	8528374	7557490	58.1
EXF_7516	304	21594812	504	905962	21858	71035.57	33	195906	111	50337	67.38	NA	16	13	97.9	97.7	0.2	0.6	1.5	1764	8993232	8802768	61.1
EXF_7920	208	19943031	500	996534	10500	95879.96	20	315524	63	101201	60.55	NA	15	18	95.8	95.7	0.1	1.1	3.1	1764	9611480	8511466	64.0
EXF_7931	168	19261587	501	934756	32679	114652.30	20	334641	60	113158	60.55	1	16	17	92.1	91.9	0.2	1.0	6.9	1764	9678476	8465001	65.9
EXF_7934	205	19631285	500	778551	21698	95762.37	21	289497	69	96723	60.56	NA	17	14	94.4	94.4	0.0	1.2	4.4	1764	8535600	7570697	57.8
EXF_7944	191	19553081	515	972376	24873	102372.15	21	326308	63	82723	60.56	NA	19	14	94.3	94.1	0.2	1.0	4.7	1764	8199126	7683889	58.9
EXF_7949	185	19969326	511	826866	41564	107942.30	22	287870	70	96757	60.57	NA	26	4	96.5	96.5	0.0	0.9	2.6	1764	9857470	8914143	67.0
EXF_8006	208	19928313	515	793426	26996	95809.20	23	279463	73	79887	60.55	NA	16	16	95.7	95.6	0.1	1.1	3.2	1764	7490044	6537788	49.2
EXF_8014	168	19820577	515	828480	36967	117979.62	20	333673	60	111119	60.57	NA	14	19	96.1	96.0	0.1	0.9	3.0	1764	9847572	8931490	67.6
EXF_8109	173	19367120	502	735994	41256	111948.67	19	352442	63	100908	60.56	NA	21	10	94.0	94.0	0.0	1.1	4.9	1764	9616656	8374235	64.9
EXF_8151	178	19197891	515	588089	25062	107853.32	21	349512	59	102231	60.53	1	15	18	92.4	92.3	0.1	1.1	6.5	1764	9940824	8737401	68.3
EXF_8155	160	19932631	509	1044343	25012	124578.94	17	392212	54	111113	60.57	NA	16	15	96.4	96.3	0.1	1.0	2.6	1764	12156908	11091846	83.5
EXF_8254	167	19258666	522	789218	31261	115321.35	20	331805	59	111137	60.54	1	18	14	92.2	92.0	0.2	1.0	6.8	1764	10132910	8710932	67.8
EXF_8395	236	20051155	504	727676	34310	84962.52	26	201442	90	65894	60.56	NA	13	18	96.3	96.2	0.1	1.2	2.5	1764	6510918	5737293	42.9
EXF_8400	173	19989301	519	759798	39372	115545.09	21	293358	67	102521	60.57	NA	16	17	96.5	96.4	0.1	1.2	2.3	1764	8289408	7400366	55.5
EXF_8463	160	19668280	516	1121661	39415	122926.75	18	352699	58	103684	60.60	2	21	12	92.9	92.8	0.1	1.1	6.0	1764	10248498	8345061	63.6
EXF_8464	160	19519776	515	972669	35883	121998.60	19	324159	59	109021	60.59	NA	18	12	94.6	94.4	0.2	1.1	4.3	1764	10672498	9633098	74.0
EXF_8465	196	19697049	515	880525	27531	100495.15	21	308863	69	81955	60.57	1	17	14	95.3	95.2	0.1	1.0	3.7	1764	7703572	6838021	52.1
EXF_8528	449	20031377	504	469208	24367	44613.31	66	88955	222	24939	64.52	NA	NA	NA	92.5	92.2	0.3	2.2	5.3	1764	9103852	8866008	66.4
EXF_8891	174	19784389	501	967934	31261	113703.39	20	338074	62	96083	60.57	1	18	13	96.0	95.9	0.1	0.9	3.1	1764	11061028	10137817	76.9
EXF_8898	159	19434522	509	935107	24107	122229.70	19	349686	54	111099	60.59	NA	14	15	94.2	94.1	0.1	1.1	4.7	1764	11333316	10059415	77.6
EXF_8921	156	19421549	522	972719	37094	124497.11	18	348827	56	114748	60.59	NA	14	19	94.3	94.2	0.1	1.1	4.6	1764	12389976	11351650	87.7
EXF_8942	152	19521562	515	925205	22086	128431.33	17	445001	49	143777	60.59	1	23	8	94.7	94.7	0.0	1.0	4.3	1764	15524562	14070162	108.1
EXF_8984	155	19608767	501	1115386	26203	126508.17	17	429741	52	122875	60.57	NA	12	19	94.2	93.9	0.3	0.9	4.9	1764	11473126	10370022	79.3
EXF_9051	360	19165927	504	946619	943	53238.69	19	347399	58	103551	60.53	NA	14	16	92.1	92.0	0.1	1.1	6.8	1764	9283826	8070900	63.2
EXF_9284	393	21026447	500	660476	11358	53502.41	41	153629	135	42065	66.99	NA	7	12	97.5	97.3	0.2	0.8	1.7	1764	8650906	8462072	60.4
EXF_9595	171	19977761	531	1191627	38672	116829.01	20	313169	65	91568	60.56	NA	15	15	96.9	96.8	0.1	1.0	2.1	1764	9684920	8481040	63.7
EXF_9755	125	18884814	535	778040	93044	151078.51	19	324285	62	94295	62.58	NA	12	18	94.9	94.6	0.3	1.8	3.3	1764	8933964	7994853	63.5
EXF_9756	194	19871360	500	972726	32826	102429.69	22	308783	68	97361	60.57	1	17	15	95.8	95.7	0.1	1.0	3.2	1764	9600860	8471349	63.9
EXF_9762	152	19819165	515	1169665	37681	130389.24	17	403173	53	114695	60.57	1	15	16	96.0	95.9	0.1	0.9	3.1	1764	11217790	10390188	78.6
EXF_9926	169	20598636	515	1105156	41995	121885.42	18	369174	60	81120	60.58	1	19	14	96.3	96.1	0.2	1.1	2.6	1764	7783520	7004126	51.0
EXF_9950	176	19979712	508	925269	24185	113521.09	18	296818	61	101390	60.57	NA	20	11	96.4	96.4	0.0	1.0	2.6	1764	9306426	8670010	65.1
F6_1S_P_1A	135	19391818	501	1044446	10500	143643.10	15	517812	41	161478	60.58	NA	14	17	93.6	93.5	0.1	0.9	5.5	1764	24440732	23432917	181.6
F6_1S_P_1B	159	19537366	501	972698	5921	122876.52	17	446521	43	161468	60.57	NA	15	17	94.5	94.4	0.1	0.9	4.6	1764	30652770	28277761	217.4
F6_1S_P_1C	153	19541211	501	1044674	8363	127720.33	15	446648	44	125018	60.57	NA	15	17	94.7	94.6	0.1	0.7	4.6	1764	29695192	27145452	208.7
F6_4S_B_2A	136	19423324	501	828444	16420	142818.56	17	439743	45	158242	60.59	NA	16	14	94.4	94.3	0.1	0.9	4.7	1764	28145608	25191452	194.9
F6_4S_B_2B	187	19510736	506	1594790	4639	104335.49	11	570648	43	92800	60.58	1	10	14	93.6	93.5	0.1	0.7	5.7	1764	17921216	16703974	128.6
F6_4S_B_2C	156	19535566	501	972668	8405	125227.99	16	446015	45	129050	60.57	NA	14	18	94.5	94.4	0.1	0.9	4.6	1764	27270198	25219806	193.9
F6_4S_P_3B	148	19534546	541	1044392	9343	131990.18	15	499240	43	125018	60.57	1	13	19	94.4	94.3	0.1	0.9	4.7	1764	14328474	13496493	103.9
F6_4S_P_3C	155	19537044	501	828442	10548	126045.45	17	423024	47	125018	60.57	NA	15	17	94.5	94.4	0.1	0.9	4.6	1764	20446260	19070535	146.7
F6_4S_P_4A	154	19547702	501	1044402	9784	126933.13	16	446586	46	129023	60.57	NA	19	13	94.3	94.2	0.1	0.9	4.8	1764	16437476	14902908	114.6
F6_4S_P_4B	152	19542355	501	1044795	8405	128568.12	16	429743	44	143751	60.57	NA	18	14	94.4	94.3	0.1	1.0	4.6	1764	31275554	28343604	217.8
F6_4S_P_5A	141	19541696	501	1045106	9343	138593.59	15	517740	41	161480	60.57	NA	15	17	94.5	94.4	0.1	0.9	4.6	1764	29946848	27234438	209.4
F6_4S_P_5B	158	19539099	502	828471	8405	123665.18	16	447068	46	125017	60.57	NA	15	17	94.3	94.2	0.1	1.0	4.7	1764	19139756	17446744	134.1
F6_6S_B_1A	159	19539462	514	972670	8380	122889.70	17	429736	46	129040	60.57	NA	14	18	94.4	94.3	0.1	1.0	4.6	1764	27876506	24624674	189.4
F6_6S_B_1B	168	19534604	501	972661	10500	116277.40	17	423024	48	118792	60.57	NA	14	18	94.6	94.5	0.1	0.7	4.7	1764	17659908	16989698	130.7
F6_6S_B_1C	155	19384881	517	1105208	8502	125063.75	16	424672	45	129048	60.58	NA	12	19	93.6	93.5	0.1	0.8	5.6	1764	18171498	17377706	134.7
F6_6S_P_1A	160	19538210	510	1270251	9216	122113.81	16	424672	47	123287	60.57	1	16	16	94.5	94.4	0.1	0.7	4.8	1764	15486432	14688845	113.0
F6_6S_P_1B	145	19538934	501	1044444	9343	134751.27	15	424672	42	166565	60.57	NA	19	13	94.4	94.3	0.1	0.8	4.8	1764	31668074	28643133	220.3
F6_6S_P_1C	137	19537444	501	1044438	10500	142609.08	15	517848	41	158249	60.57	NA	18	14	94.6	94.5	0.1	0.7	4.7	1764	19740002	17995211	138.4
F6_6S_P_2A	139	19538878	501	1044438	10500	140567.47	15	499253	41	158213	60.57	NA	10	22	94.4	94.3	0.1	0.9	4.7	1764	32684992	29688965	228.3
F6_6S_P_2B	143	19541641	501	1061094	7483	136654.83	15	517854	39	158226	60.57	NA	19	13	94.5	94.4	0.1	0.9	4.6	1764	28569072	25676481	197.4
F6_7S_B_2A	153	20057925	524	1280746	16021	131097.55	16	407911	50	126232	60.58	NA	16	14	97.4	97.3	0.1	0.7	1.9	1764	32666810	30755330	230.4
F6_7S_B_2B	180	20052604	505	856352	11133	111403.36	20	339310	59	117729	60.58	NA	13	17	97.2	97.1	0.1	0.9	1.9	1764	18724828	17352705	129.9
F6_7S_B_2C	169	20052454	507	890770	11133	118653.57	19	350590	55	117726	60.58	NA	12	18	97.3	97.2	0.1	0.8	1.9	1764	14542940	13883355	104.0
F6_7S_P_6B	157	20062458	524	901334	16021	127786.36	17	389401	52	129053	60.58	NA	16	14	97.2	97.2	0.0	0.9	1.9	1764	31806456	28848367	216.1
F6_7S_P_7A	169	20052662	516	890649	10645	118654.80	18	389332	54	117731	60.58	NA	14	16	97.2	97.1	0.1	0.7	2.1	1764	27435266	25961263	194.5
F6_7S_P_7B	175	20059436	516	890752	10645	114625.35	19	339319	56	126253	60.58	NA	17	13	97.4	97.3	0.1	0.7	1.9	1764	23023874	21421492	160.1
F6_7S_P_7C	169	20059521	507	1062416	8437	118695.39	18	350593	52	129060	60.58	NA	17	13	97.2	97.1	0.1	0.9	1.9	1764	23111712	21421243	160.5
F6_8S_B_1B	189	19885575	506	1594688	4971	105214.68	12	536033	45	93073	60.57	1	7	17	95.6	95.5	0.1	0.7	3.7	1764	29666310	27846007	210.4
F6_8S_P_5A	151	19368326	500	1727441	9368	128267.06	12	560833	40	125620	60.01	2	14	19	93.0	92.9	0.1	1.4	5.6	1764	28933552	26279704	203.9
F6_8S_P_5B	151	19511312	500	1842500	7507	129213.99	11	507329	41	125780	60.02	2	13	21	93.5	93.4	0.1	1.3	5.2	1764	33294816	30818450	237.3
F6_8S_P_6A	177	19512563	506	1468268	4296	110240.47	12	536039	41	99046	60.58	1	12	12	93.5	93.4	0.1	0.8	5.7	1764	30910974	28581581	220.1
F6_8S_P_6B	199	19899816	507	1468260	9137	99999.08	15	427658	56	88124	60.57	NA	9	15	95.8	95.7	0.1	0.8	3.4	1764	7139110	6758547	51.1
F8_1S_2B	136	18639821	545	1044928	21987	137057.51	17	418571	46	125449	60.58	1	16	14	90.7	90.6	0.1	1.0	8.3	1764	24608110	21523492	173.4
F8_1S_3B	143	19539443	501	1044690	11519	136639.46	15	445012	43	125018	60.57	NA	19	13	94.4	94.3	0.1	0.9	4.7	1764	29494752	26155475	201.0
F8_3S_1B	149	19541786	501	1270207	10500	131152.93	16	424936	45	129050	60.57	1	18	14	94.5	94.4	0.1	0.9	4.6	1764	25920946	23763797	182.7
F8_3S_1P	142	19417320	515	778751	20547	136741.69	17	438444	47	125440	60.59	1	14	17	94.5	94.4	0.1	0.7	4.8	1764	26140940	22726066	175.8
F8_3S_2B	150	19538649	501	904282	10548	130257.66	16	468497	44	129049	60.57	NA	22	10	94.4	94.3	0.1	0.9	4.7	1764	24645312	21273706	163.6
F8_3S_2P	155	19581634	514	972528	16421	126333.12	18	392890	52	121911	60.58	NA	16	14	94.8	94.7	0.1	0.9	4.3	1764	16478402	14356382	110.1
F8_3S_3B	155	19538931	501	1044693	9343	126057.62	16	446016	46	125018	60.57	NA	19	13	94.4	94.3	0.1	1.0	4.6	1764	26369548	23732303	182.5
F8_3S_3P	143	19940196	536	1044418	8405	139441.93	16	473006	43	161500	60.56	NA	14	18	96.0	95.9	0.1	0.9	3.1	1764	26634568	23695095	178.6
F8_4S_1P	137	19418982	514	828482	18212	141744.39	17	438428	46	158259	60.59	NA	11	19	94.3	94.2	0.1	1.0	4.7	1764	25884942	22463818	173.6
F8_4S_2P	134	19415367	543	1044936	21990	144890.80	17	438252	45	143683	60.59	NA	16	14	94.4	94.3	0.1	0.9	4.7	1764	35041850	29950062	231.8
F8_4S_5B	143	19411974	501	1044679	16420	135748.07	17	406200	47	145625	60.59	NA	15	15	94.4	94.3	0.1	0.9	4.7	1764	15083640	13141610	101.7
F8_5S_2B	142	19537793	541	904213	8405	137590.09	15	517842	40	158214	60.57	NA	17	15	94.4	94.3	0.1	0.8	4.8	1764	29738896	26427562	203.3
F8_5S_3B	283	19877057	504	755706	13346	70236.95	28	214426	96	54529	60.56	NA	17	15	95.5	95.4	0.1	1.2	3.3	1764	3265952	3030131	22.9
F8_5S_4P	163	19538409	510	904394	6962	119867.54	17	424669	46	129054	60.57	NA	13	19	94.5	94.4	0.1	0.9	4.6	1764	31510096	27708922	213.0
F8_5S_5P	144	18711614	501	1044418	7483	129941.76	14	510587	40	129042	60.55	NA	17	15	90.7	90.6	0.1	0.9	8.4	1764	29183998	24469460	196.5
F8_6S_1B	135	19420117	501	1044422	21366	143852.72	16	438419	44	129061	60.59	NA	14	16	94.4	94.3	0.1	0.8	4.8	1764	25453944	23339443	180.5
F8_6S_2B	136	19417768	501	828439	20512	142777.71	17	445096	46	143596	60.59	NA	21	9	94.4	94.3	0.1	1.0	4.6	1764	25565052	21942708	169.8
IF1SG-B1	153	19602317	512	947393	10852	128119.72	17	446303	49	110968	60.58	NA	19	14	94.9	94.8	0.1	0.6	4.5	1764	25124648	22467422	172.2
IF1SW-B1	157	19598219	510	947454	11192	124829.42	17	406264	52	120259	60.57	NA	18	15	95.0	94.9	0.1	0.6	4.4	1764	28535962	26529772	203.3
IF1SW-F2	582	19851614	498	904468	724	34109.30	18	378835	54	103681	60.56	NA	19	18	94.4	94.3	0.1	1.0	4.6	1764	19142356	17991668	136.1
IF2SG-B1	154	19602610	512	947387	10852	127289.68	17	406259	51	118950	60.58	NA	15	18	94.9	94.8	0.1	0.7	4.4	1764	32812396	31450862	240.9
IF3SG-B1	159	19600024	504	947398	6966	123270.59	17	429682	49	129066	60.57	NA	14	19	94.8	94.7	0.1	0.7	4.5	1764	35344356	33582384	257.4
IF3SW-F2	157	19538179	502	972664	7483	124447.00	16	446014	44	129047	60.57	1	13	19	94.3	94.2	0.1	0.9	4.8	1764	21825530	20556997	158.0
IF4SW-B1	145	19542281	501	1060848	7483	134774.35	15	510831	40	158255	60.57	NA	18	14	94.4	94.3	0.1	0.9	4.7	1764	33432980	30287600	232.7
IF4SW-B2	146	19603099	504	935182	11192	134267.80	18	446527	49	120304	60.57	NA	19	14	94.9	94.8	0.1	0.7	4.4	1764	30821334	28750126	220.2
IF4SW-F2	156	19600201	504	935205	16431	125642.31	18	398716	53	119893	60.58	NA	17	16	94.9	94.8	0.1	0.7	4.4	1764	19575208	18474027	141.6
IF5SW-F1	146	19539837	501	1215722	8405	133834.50	14	499216	42	129053	60.57	NA	21	11	94.5	94.4	0.1	0.8	4.7	1764	31288746	29288364	225.2
IF6SG-B1	156	19600263	512	935228	42915	125642.71	18	406222	56	110968	60.57	NA	17	16	94.7	94.6	0.1	0.9	4.4	1764	32123478	29112402	222.9
IF6SW-B2	148	19598970	504	942772	16450	132425.47	17	435081	51	119964	60.57	NA	18	15	95.0	94.9	0.1	0.7	4.3	1764	28598352	26762103	205.1
IF6SW-F1	154	19604755	512	935194	10500	127303.60	17	459627	50	120260	60.58	NA	22	11	95.0	94.9	0.1	0.6	4.4	1764	30752992	28663726	219.7
IF7SG-B1	143	19602276	512	947385	16425	137078.85	17	406241	50	125913	60.57	NA	18	15	94.9	94.8	0.1	0.7	4.4	1764	41250098	35910140	274.9
IF7SW-B3	153	19605755	504	1009182	10186	128142.19	16	446526	49	119591	60.57	NA	19	14	94.9	94.8	0.1	0.7	4.4	1764	26982160	26194346	200.7
IF8SG-B1	153	19601160	504	935207	44789	128112.16	17	426311	54	112999	60.57	NA	18	15	94.8	94.7	0.1	0.8	4.4	1764	31878056	27755367	212.7
IF8SW-B2	163	19597889	504	947382	7947	120232.45	17	357388	52	120324	60.57	NA	14	19	95.0	94.9	0.1	0.7	4.3	1764	36358718	31190027	238.9
IF8SW-P2	140	19541737	501	1061073	8405	139583.84	15	499239	40	158209	60.57	NA	15	17	94.6	94.5	0.1	0.8	4.6	1764	35769064	28620071	220.0
IFCSG-B1	154	19600448	504	947394	10852	127275.64	17	406233	51	120286	60.57	NA	9	24	94.9	94.8	0.1	0.7	4.4	1764	25714878	23199971	177.7
IIF1SW-F1	154	19537558	501	903926	10548	126867.26	17	425675	47	125018	60.57	NA	18	14	94.5	94.4	0.1	0.8	4.7	1764	20603940	19455231	149.6
IIF2SW-F1	156	18662195	504	756698	11192	119629.46	18	395415	53	110968	60.55	NA	15	17	90.6	90.5	0.1	0.9	8.5	1764	30930222	28015632	225.5
IIF2XSW-B1	156	19602484	504	935351	11192	125656.95	18	417219	52	118752	60.57	NA	22	11	94.9	94.8	0.1	0.7	4.4	1764	27514918	24764743	189.7
IIF2XSW-F1	165	19596646	504	935349	10186	118767.55	18	446269	54	110968	60.58	NA	14	19	94.8	94.7	0.1	0.8	4.4	1764	20622458	19646187	150.6
IIF4SW-F1	141	19413583	514	972566	20512	137684.99	18	424665	48	132254	60.59	NA	20	10	94.6	94.5	0.1	0.8	4.6	1764	14837366	14092986	109.1
IIF5SW-F2	136	19028515	501	972583	10549	139915.55	17	424665	44	129039	60.59	NA	15	14	93.1	93.0	0.1	0.7	6.2	1764	33636734	31245162	246.7
IIF6SW-B1	148	18712651	519	904198	10548	126436.83	16	446008	45	125018	60.55	NA	16	16	90.6	90.5	0.1	0.9	8.5	1764	30049962	24565741	197.2
IIF6SW-B2	157	19600735	504	935205	11192	124845.45	18	395857	52	117804	60.58	NA	14	19	94.9	94.8	0.1	0.7	4.4	1764	29400530	27125412	207.9
IIF6SW-F1	162	19598567	504	935332	10500	120978.81	18	446527	53	112782	60.58	NA	17	16	94.9	94.8	0.1	0.7	4.4	1764	20689382	19757255	151.5
IIF8SW-B2	152	19603320	504	947375	21648	128969.21	18	396340	53	119287	60.57	NA	17	16	95.1	95.0	0.1	0.7	4.2	1764	20752458	20137405	154.3
IIF8SW-B3	152	19602649	506	935212	41557	128964.80	18	406470	53	119592	60.58	NA	19	14	94.9	94.8	0.1	0.7	4.4	1764	23118964	22336062	171.1
IIF8SW-F1	148	19469318	512	947381	21648	131549.45	17	406229	50	118752	60.57	NA	17	16	93.9	93.8	0.1	0.6	5.5	1764	27750336	26211551	202.3
IIFCSW-F1	149	19540562	510	972699	10500	131144.71	17	424672	46	154128	60.57	NA	18	14	94.5	94.4	0.1	0.8	4.7	1764	22433954	21255448	163.3
JGTA-S1	404	21238106	502	753582	20621	52569.57	35	132518	164	33488	60.58	1	20	12	95.2	88.1	7.1	1.4	3.4	1764	41999544	31624116	410.5
NRRL_Y-12923	253	20780792	500	920740	42194	82137.52	34	188800	112	55710	64.21	NA	13	15	97.7	97.7	0.0	1.1	1.2	1764	4562224	4482511	32.6
NRRL_Y-17376	383	19575185	505	646604	8799	51110.14	31	183861	123	38882	65.91	NA	11	14	97.3	97.1	0.2	0.9	1.8	1764	47948070	41602520	320.9
NRRL_Y-2474	326	20456604	501	626388	10821	62750.32	28	212841	99	51840	68.00	NA	11	18	98.7	98.6	0.1	0.4	0.9	1764	241104346	232976080	1719.7
NRRL_Y-2504	127	18256576	507	1378761	13101	143752.57	13	479374	38	163517	62.03	1	14	13	91.1	90.9	0.2	1.0	7.9	1764	106766050	84694853	700.5
NRRL_Y-2510	236	19963686	518	791702	24754	84591.89	27	225334	85	69001	60.58	NA	16	16	96.2	96.2	0.0	1.2	2.6	1764	10604792	8847887	66.9
NRRL_Y-7192	121	17422696	506	1679734	40843	143989.22	10	504169	41	82689	63.52	1	17	15	96.9	96.8	0.1	0.9	2.2	1764	74973356	70297037	609.3
NRRL_Y-7196	348	20975983	501	672415	8156	60275.81	33	200922	110	54958	66.99	NA	8	11	97.6	97.4	0.2	0.7	1.7	1764	22554006	21992801	158.3
rhodo3571	1163	19936532	504	161709	9160	17142.33	167	36179	568	9566	60.55	NA	15	16	91.0	90.9	0.1	4.4	4.6	1764	9318826	6855894	51.9
RIT389	1667	39399116	500	191444	13093	23634.74	251	48149	820	13662	60.29	NA	NA	4	96.6	30.1	66.5	1.3	2.1	1764	3992940	3799408	20.2
SB-353	265	20047359	501	791532	21792	75650.41	32	196438	96	65290	60.47	NA	10	21	96.2	96.1	0.1	1.4	2.4	1764	19300818	17720069	82.2
TFCN_0520-4-2-1	93	19582485	507	1073089	74712	210564.35	14	508875	36	222410	60.60	2	16	17	97.2	97.2	0.0	0.6	2.2	1764	9011502	8811158	67.5
TFCN_0520-4-2-2	193	19547025	507	755460	49237	101279.92	28	223551	84	72829	60.63	NA	15	18	96.9	96.9	0.0	0.9	2.2	1764	3151682	3040743	23.3
TFCN_100D-1	228	19839134	500	828455	7591	87013.75	23	272114	71	79808	60.56	NA	10	19	96.0	95.9	0.1	0.9	3.1	1764	6918732	5842262	44.2
TFCN_102C-1	213	19885211	519	905063	22085	93357.80	23	269755	73	78213	60.57	2	18	13	95.7	95.6	0.1	1.0	3.3	1764	6272390	5742948	43.3
TFCN_102C-2	196	18602367	515	584000	21198	94910.04	23	271440	68	94130	60.54	NA	17	15	90.4	90.4	0.0	1.2	8.4	1764	8674368	7768252	62.6
TFCN_102D-1	201	19640227	515	973544	12149	97712.57	20	295555	63	89387	60.57	NA	17	13	95.0	94.9	0.1	0.9	4.1	1764	6821070	6114471	46.7
TFCN_102D-2	240	19984743	515	675927	26207	83269.76	27	202887	88	65205	60.58	NA	13	18	96.7	96.6	0.1	1.1	2.2	1764	5351340	4858217	36.5
TFCN_105A-2	173	19872318	500	946239	22077	114868.89	19	392253	56	118758	60.57	1	11	21	94.9	94.7	0.2	0.9	4.2	1764	10565446	9367080	70.7
TFCN_106A-1	230	19787462	510	791639	10885	86032.44	23	277272	73	76632	60.57	NA	15	16	95.9	95.8	0.1	1.0	3.1	1764	5641864	5257024	39.9
TFCN_107A-6	229	19814120	515	676008	23200	86524.54	27	249929	83	71198	60.57	NA	14	15	95.8	95.7	0.1	1.1	3.1	1764	5762592	4978585	37.7
TFCN_107C-3	186	19457990	515	972494	16310	104612.85	18	427457	58	89387	60.58	NA	14	16	94.5	94.5	0.0	1.0	4.5	1764	9086998	7905084	60.9
TFCN_110C-1	164	19794647	502	791633	28338	120699.07	18	384424	55	105503	60.58	NA	12	20	95.8	95.7	0.1	0.9	3.3	1764	53022960	46515193	354.8
TFCN_118C-2	190	19559397	501	828448	16608	102944.19	20	341483	62	87021	60.59	NA	10	19	94.9	94.9	0.0	1.1	4.0	1764	37225392	28773267	222.1
TFCN_122C-2	181	19586571	514	828424	10500	108213.10	20	332377	59	105957	60.58	NA	16	16	94.9	94.8	0.1	0.9	4.2	1764	8724874	7901821	60.5
TFCN_130D-4	147	19285371	515	828448	22388	131193.00	18	421806	49	114512	60.61	1	10	20	93.8	93.7	0.1	1.0	5.2	1764	9493152	8092831	62.9
TFCN_134A-3	191	19504317	506	1189853	8273	102116.84	14	435218	51	97674	60.58	1	12	11	93.3	93.2	0.1	0.9	5.8	1764	10387004	9105512	70.0
TFCN_137C-3	244	19906507	515	833579	23427	81584.05	27	233790	88	66435	60.57	NA	20	11	96.3	96.3	0.0	1.0	2.7	1764	4998538	4236563	31.9
TFCN_137D-4	215	19746418	563	516391	43337	91843.80	30	209427	97	56985	60.57	NA	17	14	95.5	95.4	0.1	1.2	3.3	1764	3610872	3095556	23.5
TFCN_138A-1	201	20081525	503	759040	27823	99908.08	22	324474	72	78146	60.57	NA	15	17	95.1	94.2	0.9	1.2	3.7	1764	6517906	5891452	44.0
TFCN_140A-3	217	19547167	522	1350700	20356	90079.11	19	265387	73	69278	60.59	NA	17	13	94.7	94.7	0.0	1.1	4.2	1764	6532480	5626366	43.2
TFCN_141C-2	216	19540683	524	828391	21359	90466.12	23	295212	75	70503	60.57	NA	14	17	94.5	94.4	0.1	1.4	4.1	1764	6129072	5184816	39.8
TFCN_152A-12	167	19503740	510	972557	20512	116788.86	19	329396	55	110817	60.60	NA	13	18	94.9	94.8	0.1	1.0	4.1	1764	10579848	8985955	69.1
TFCN_152A-1	652	39529417	500	864902	17180	60627.94	72	167629	239	46809	60.31	NA	32	27	97.4	19.4	78.0	0.7	1.9	1764	25250894	20737333	79.2
TFCN_152A-2	225	20013923	512	926327	5469	88950.77	19	351685	60	101495	60.51	NA	14	16	96.4	96.3	0.1	1.0	2.6	1764	42591522	34189764	258.0
TFCN_152A-4	163	20621431	503	1456154	2931	126511.85	12	575401	35	167206	61.84	2	16	16	98.4	98.1	0.3	0.5	1.1	1764	142666658	138019225	1010.6
TFCN_152A-5	230	19453492	514	758687	15332	84580.40	26	252776	78	70758	60.60	1	15	14	94.4	94.3	0.1	1.1	4.5	1764	5327756	4781978	36.9
TFCN_152A-6	222	20617670	503	1456153	1639	92872.39	12	575388	37	160656	61.85	1	16	15	98.4	98.1	0.3	0.3	1.3	1764	171914608	165771797	1214.1
TFCN_152C-3	175	20617420	500	1456130	4111	117813.83	13	538719	39	160713	61.85	1	14	16	98.3	98.0	0.3	0.5	1.2	1764	61088870	54261089	397.4
TFCN_152C-5	264	19832322	515	720613	22635	75122.43	30	200331	99	60633	60.57	NA	14	16	95.5	95.4	0.1	1.2	3.3	1764	4020448	3689791	27.9
TFCN_152C-6	117	19549779	506	933459	29395	167092.13	15	512587	39	147377	60.63	1	14	19	97.2	97.2	0.0	0.7	2.1	1764	49666524	42102274	325.2
TFCN_152D-4	207	20612715	506	1046527	20892	99578.33	21	286571	70	85275	61.85	NA	18	14	98.4	98.1	0.3	0.3	1.3	1764	3729984	3660050	26.6
TFCN_152D-6	231	20608926	502	1456135	1486	89216.13	12	575390	38	167206	61.86	2	15	16	98.3	98.0	0.3	0.4	1.3	1764	201024936	190988775	1399.4
TFCN_17-0-2E334-10	225	19407256	501	800046	22133	86254.47	24	250313	78	65585	60.59	NA	18	15	94.2	94.2	0.0	1.0	4.8	1764	30390088	21660327	168.5
TFCN_17-0-2E334-4	688	39404278	501	627304	22221	57273.66	79	145044	266	43218	60.31	NA	28	35	97.2	20.0	77.2	1.1	1.7	1764	47161496	37634381	144.2
TFCN_17-0-2E337-3	584	39697723	500	784200	21139	67975.55	61	195050	216	50507	60.31	1	32	26	97.4	21.5	75.9	0.8	1.8	1764	15558120	13919113	52.6
TFCN_17-0-2E390-1	391	38662836	500	1478744	14289	98881.93	37	306459	126	84450	60.32	NA	35	25	97.8	22.0	75.8	0.6	1.6	1764	102927936	88262408	344.7
TFCN_17-0-2E390-2	510	38953019	500	902568	14284	76378.47	50	232610	171	62283	60.30	NA	34	28	97.7	21.3	76.4	0.8	1.5	1764	52854930	43246835	167.6
TFCN_17-267M-1	345	39096239	503	1419025	25058	113322.43	35	347168	118	91993	60.32	NA	28	35	98.0	20.9	77.1	0.7	1.3	1764	112798618	96213687	371.6
TFCN_17-291Y-1	548	39411463	500	1094103	23247	71918.73	60	192697	201	54757	60.31	NA	31	31	97.4	19.1	78.3	0.8	1.8	1764	49702298	40103845	153.7
TFCN_172A-1	193	19799193	500	785518	16078	102586.49	20	331591	62	103667	60.58	NA	19	13	95.5	95.4	0.1	1.1	3.4	1764	8662858	7382307	55.9
TFCN_17-325D-2	196	20305639	513	1069453	12585	103600.20	20	384369	61	97303	60.55	1	20	13	96.6	96.4	0.2	0.9	2.5	1764	7812206	7332685	54.2
TFCN_17-325D-4	226	19940129	513	700621	27050	88230.66	25	252797	81	70677	60.55	NA	15	17	96.1	95.9	0.2	1.0	2.9	1764	5176840	4811706	36.2
TFCN_17-325P-1	178	18703040	501	762205	12295	105073.26	20	330367	58	114784	60.54	NA	19	13	90.3	90.3	0.0	1.2	8.5	1764	12409436	10399791	83.4
TFCN_17-328C-3	411	20834925	500	724941	20957	50693.25	50	125346	166	35829	68.48	NA	11	21	98.6	98.5	0.1	0.7	0.7	1764	77970124	71409702	517.5
TFCN_17-328P-3	494	20842592	500	395808	20111	42191.48	62	95423	215	28846	68.47	NA	11	21	98.5	98.4	0.1	0.8	0.7	1764	46270502	41522726	300.8
TFCN_17-329Y-4	218	19847958	501	1024891	23144	91045.68	23	263172	78	73462	60.57	NA	16	16	95.8	95.8	0.0	1.1	3.1	1764	8283640	7179778	54.3
TFCN_17-331Y-3	224	20866407	507	817636	18995	93153.60	26	297634	73	94386	68.47	NA	21	11	99.0	98.9	0.1	0.4	0.6	1764	13564038	13216058	95.0
TFCN_17-332C-1	186	19188919	500	935540	26022	103166.23	21	292254	64	96735	60.61	NA	12	17	93.5	93.4	0.1	1.2	5.3	1764	6952744	6234405	48.7
TFCN_17-332C-2	171	19089374	522	831365	8405	111633.77	19	331224	56	109809	60.61	1	18	11	93.2	93.0	0.2	1.0	5.8	1764	8779566	7237898	56.9
TFCN_17-332D-1	164	19187923	501	791641	28441	116999.53	18	399926	57	101551	60.61	NA	10	19	93.8	93.7	0.1	1.0	5.2	1764	43248136	36236368	285.2
TFCN_17-332M-1	299	20065648	506	1258812	17258	67109.19	26	214229	98	52933	60.57	NA	11	12	95.9	95.8	0.1	1.1	3.0	1764	11087482	7583794	57.1
TFCN_17-332M-2	380	19633257	503	726248	18740	51666.47	39	145469	144	35296	60.59	NA	9	20	94.7	94.6	0.1	1.7	3.6	1764	7984752	4679632	36.0
TFCN_17-332P-1	158	19187860	501	791641	20511	121442.15	17	438700	51	103892	60.61	NA	17	12	93.9	93.8	0.1	1.0	5.1	1764	55351518	46045310	362.4
TFCN_17-332P-2	179	19203772	515	685152	10548	107283.64	19	392257	57	101457	60.60	NA	12	17	93.1	92.9	0.2	1.2	5.7	1764	7849352	6597726	51.5
TFCN_17-333D-2	262	19869281	515	793982	28916	75836.95	30	200638	103	53580	60.58	NA	15	16	96.1	96.0	0.1	1.2	2.7	1764	3679034	3340518	25.2
TFCN_17-333P-6	504	39933493	500	656354	34511	79233.12	63	209107	199	54269	60.30	NA	30	33	97.7	20.9	76.8	0.9	1.4	1764	17026890	15214146	57.1
TFCN_17-334C-1	194	19801230	515	828346	21385	102068.20	21	325188	64	101913	60.57	1	16	13	95.7	95.6	0.1	1.0	3.3	1764	7103214	6430797	48.7
TFCN_17-334D-6	627	39744428	500	695756	27371	63388.24	72	164859	253	43393	60.31	NA	36	23	97.4	21.2	76.2	0.7	1.9	1764	13214160	12502475	47.2
TFCN_17-334P-3	215	19822975	501	972300	7979	92199.88	20	312451	64	72120	60.57	NA	17	11	95.8	95.6	0.2	1.0	3.2	1764	6125280	5685680	43.0
TFCN_17-334Y-2	165	19412553	501	791638	10549	117651.84	18	404572	52	114650	60.60	NA	16	15	94.4	94.3	0.1	0.9	4.7	1764	136983422	119573446	930.1
TFCN_17-334Y-3	169	19444349	510	1214295	10500	115055.32	15	446003	51	105927	60.59	1	14	15	94.6	94.6	0.0	0.9	4.5	1764	115397394	100231425	778.4
TFCN_17-334Y-5	543	39388280	500	901060	22831	72538.27	54	217399	198	52275	60.31	NA	29	30	97.3	19.8	77.5	0.9	1.8	1764	48360586	38713201	148.4
TFCN_17-334Y-6	474	20863499	506	640126	11772	44015.82	50	116718	173	32497	67.00	NA	8	11	97.3	97.2	0.1	1.1	1.6	1764	6097016	5925555	42.6
TFCN_17-337P-5	606	39583193	500	1137130	27358	65318.80	68	167607	240	44835	60.31	NA	28	37	97.4	19.6	77.8	1.0	1.6	1764	27880404	22737883	86.7
TFCN_17-338D-3	212	19523771	501	791643	8405	92093.26	20	329410	62	81343	60.56	NA	19	13	94.1	94.1	0.0	0.9	5.0	1764	56643558	44938148	347.6
TFCN_17-390M-1	533	39195702	500	902553	25163	73537.90	57	211456	196	57006	60.31	NA	32	29	97.3	20.4	76.9	1.0	1.7	1764	36006034	27956926	107.7
TFCN_17Y-278-1	535	39503664	500	938992	25604	73838.62	54	204618	197	53637	60.31	1	28	31	97.5	19.4	78.1	0.6	1.9	1764	43304056	34483829	131.8
TFCN_181A-1	188	19783863	501	791636	32443	105233.31	22	296919	68	78533	60.58	NA	16	15	95.8	95.7	0.1	1.1	3.1	1764	26451752	19892777	151.8
TFCN_186DK3-2	425	18698652	502	436745	26262	43996.83	65	84716	210	27122	62.60	NA	17	13	93.3	93.1	0.2	2.3	4.4	1764	7482406	4667121	37.7
TFCN_1A-1-2	198	19460834	501	826103	28332	98287.04	21	300409	70	67690	60.59	NA	15	14	94.3	94.3	0.0	1.1	4.6	1764	46738528	37883359	293.9
TFCN_1A-1-3	240	19400424	510	757133	29832	80835.10	27	212463	90	61674	60.59	NA	14	17	94.0	94.0	0.0	1.1	4.9	1764	26281376	18341193	142.8
TFCN_1A-14	197	19496671	502	1468268	5416	98967.87	12	472105	48	92632	60.58	NA	11	12	93.5	93.4	0.1	0.7	5.8	1764	82754776	67293379	521.2
TFCN_1B-1-2	161	19411422	522	972614	10548	120567.84	18	345201	54	118786	60.59	NA	20	11	94.2	94.2	0.0	1.1	4.7	1764	11756702	10482400	81.0
TFCN_209-6-11	243	19873486	522	791584	24979	81783.89	26	267160	86	64383	60.58	NA	21	11	96.1	96.0	0.1	1.1	2.8	1764	4581684	4138652	31.2
TFCN_209-6-1	212	19507989	515	828462	11247	92018.82	22	294685	69	82837	60.59	NA	13	19	94.6	94.5	0.1	1.1	4.3	1764	6763732	5933608	45.6
TFCN_209-6-12	205	19983837	512	872776	26330	97482.13	23	276299	73	79886	60.58	NA	19	13	96.8	96.7	0.1	1.0	2.2	1764	5997514	5526099	41.5
TFCN_209-6-14	172	19428945	522	828477	26337	112958.98	20	348470	58	86674	60.59	NA	9	23	94.2	94.0	0.2	0.9	4.9	1764	8723280	7995137	61.7
TFCN_209-6-17	231	19400267	510	791635	24109	83983.84	26	250535	81	66444	60.60	NA	19	13	93.9	93.8	0.1	1.2	4.9	1764	34777764	27770104	216.1
TFCN_209-6-2	157	19406604	502	828445	16422	123608.94	18	421806	50	125018	60.59	NA	15	17	94.3	94.2	0.1	0.9	4.8	1764	76781772	67596143	526.0
TFCN_209-6-4	154	19407856	510	912527	16421	126025.04	17	421806	50	122084	60.59	NA	15	17	94.4	94.3	0.1	0.9	4.7	1764	103948330	93615154	728.4
TFCN_209-6-5	199	19802262	510	792398	28601	99508.85	23	305540	71	71133	60.58	NA	17	15	95.7	95.6	0.1	1.1	3.2	1764	27045334	19335750	147.4
TFCN_211A-3	165	19457103	517	1214350	11247	117921.84	17	404628	53	113908	60.59	NA	19	11	94.5	94.5	0.0	1.0	4.5	1764	69733048	58516939	454.1
TFCN_212C-2	178	19520776	501	793182	11247	109667.28	19	341466	58	101257	60.59	NA	18	13	94.7	94.6	0.1	1.1	4.2	1764	64147738	51270032	396.6
TFCN_213-6-2	222	19859457	501	936782	21349	89457.01	23	276712	76	71053	60.57	NA	19	12	96.0	95.9	0.1	1.1	2.9	1764	5552390	5046007	38.1
TFCN_213-6-4	204	19504340	500	828445	26402	95609.51	21	323120	74	66441	60.60	NA	13	18	94.7	94.6	0.1	1.0	4.3	1764	15051888	12120380	93.8
TFCN_222A-2	227	21049182	501	914958	11910	92727.67	24	305830	68	95549	68.48	NA	18	14	99.0	97.8	1.2	0.4	0.6	1764	13551196	13187749	94.0
TFCN_223A-8	180	19834133	515	834469	35883	110189.63	22	299720	65	101262	60.54	NA	13	18	95.7	95.6	0.1	1.2	3.1	1764	8832090	8042341	60.8
TFCN_22C-4	471	37783484	500	878230	22756	80219.71	49	228309	164	61487	60.29	NA	28	30	97.8	25.9	71.9	0.6	1.6	1764	47895392	38330359	153.2
TFCN_25-0-2E332-1	850	19896078	504	225817	12991	23407.15	131	47692	420	13704	60.58	NA	13	12	94.3	94.2	0.1	2.2	3.5	1764	6311694	3176126	24.1
TFCN_25-0-2E333-1	495	39503921	500	876944	31653	79805.90	56	207449	191	56463	60.31	NA	33	29	97.3	19.4	77.9	1.0	1.7	1764	50947264	44041359	168.3
TFCN_25-0-2E333-5	196	19458260	515	1529031	16608	99276.84	18	309876	63	79626	60.58	NA	14	16	94.5	94.5	0.0	1.0	4.5	1764	6173942	5589983	43.1
TFCN_25-0-2E333-7	205	19643928	506	1060697	15689	95824.04	18	331372	64	78148	60.57	NA	22	10	94.7	94.6	0.1	0.9	4.4	1764	6768984	6095086	46.5
TFCN_25-0-2E333-9	260	19813255	504	704304	27812	76204.83	30	216935	99	54406	60.57	NA	17	16	95.5	95.4	0.1	1.4	3.1	1764	3421746	3206101	24.3
TFCN_25-0-2E334-1	709	39348402	501	581086	23617	55498.45	89	140820	291	40836	60.29	NA	34	28	97.0	22.2	74.8	0.7	2.3	1764	9768206	9374933	35.7
TFCN_25-0-2E390-1	480	37957563	500	877356	12399	79078.26	47	249243	157	65805	60.29	NA	31	28	97.5	24.9	72.6	0.8	1.7	1764	65418480	53075838	211.1
TFCN_25-325Y-1	188	19491306	501	791645	11247	103677.16	19	348044	58	94095	60.58	1	16	16	94.0	94.0	0.0	1.1	4.9	1764	91185002	77280044	598.7
TFCN_25-327D-1	157	19461465	501	1214337	11192	123958.38	17	356426	50	116897	60.59	NA	14	15	94.5	94.5	0.0	1.0	4.5	1764	77184102	67311901	522.3
TFCN_25-331D-1	451	37714571	500	1311054	24698	83624.33	47	237653	160	70329	60.29	NA	32	29	97.5	26.2	71.3	0.7	1.8	1764	84888502	73616411	294.7
TFCN_25-332C-1	163	19106274	501	791643	16425	117216.40	18	421806	53	114721	60.62	NA	18	11	93.2	93.1	0.1	1.0	5.8	1764	89057284	74299874	587.2
TFCN_25-332D-1	153	19110108	501	828457	10500	124902.67	17	428259	48	118592	60.62	NA	18	11	93.5	93.4	0.1	0.9	5.6	1764	106739056	94084298	743.4
TFCN_25-332M-1	153	19110230	501	828456	10500	124903.46	17	421806	48	125018	60.62	NA	12	17	93.2	93.1	0.1	1.1	5.7	1764	87470952	73463548	580.5
TFCN_25-332P-2	185	19368964	522	828451	20366	104697.10	22	317119	60	83343	60.59	NA	17	12	94.3	94.2	0.1	1.0	4.7	1764	7281324	5912365	45.8
TFCN_25-332Y-1	201	18919181	515	793872	16461	94125.28	21	292273	65	76750	60.61	NA	17	12	92.1	92.0	0.1	1.4	6.5	1764	6324420	5332344	42.3
TFCN_25-333C-2	141	19552729	510	1390201	11192	138671.84	14	503675	42	116714	60.59	1	17	16	95.2	95.2	0.0	0.7	4.1	1764	142630672	124016719	957.7
TFCN_25-333D-1	230	20923313	505	756848	18995	90970.93	26	302847	72	69996	68.42	1	23	11	99.1	99.0	0.1	0.3	0.6	1764	14255722	13865855	99.4
TFCN_25-333D-5	362	20873478	502	564382	20792	57661.54	39	170386	134	38462	68.47	NA	16	14	98.9	98.8	0.1	0.4	0.7	1764	6436326	6257173	45.0
TFCN_25-333P-2	175	19446725	522	1113476	14000	111124.14	18	349017	56	105956	60.59	NA	19	11	94.3	94.3	0.0	1.1	4.6	1764	9493870	8702465	67.1
TFCN_25-333P-5	112	20786803	529	1237719	77441	185596.46	13	443463	44	110058	64.24	1	15	17	97.8	97.8	0.0	0.7	1.5	1764	6593768	6507982	47.0
TFCN_25-333Y-10	257	19853881	500	1542869	19414	77252.46	25	236995	90	55186	60.03	NA	11	18	95.6	95.4	0.2	1.6	2.8	1764	7991376	7369837	55.7
TFCN_25-333Y-2	568	20890345	502	344331	18079	36778.78	75	91570	253	22494	68.46	NA	23	7	98.5	98.3	0.2	0.7	0.8	1764	54898128	51362656	371.3
TFCN_25-333Y-9	146	19551824	506	1389801	9348	133916.60	15	502218	43	143700	60.59	1	14	16	94.8	94.8	0.0	0.9	4.3	1764	88716256	72578402	560.5
TFCN_25-334D-3	222	19150555	512	608309	35215	86263.76	27	253218	82	67505	60.56	NA	14	17	92.3	92.3	0.0	1.2	6.5	1764	6267780	5226418	40.9
TFCN_25-334Y-6	165	19866571	500	1602272	13056	120403.46	16	393045	50	113659	60.03	NA	12	17	96.2	96.0	0.2	1.1	2.7	1764	135236230	127330068	967.8
TFCN_25-335C-1	420	20904776	501	597296	11235	49773.28	43	140832	143	38844	67.00	NA	11	8	97.9	97.8	0.1	0.7	1.4	1764	84457996	79649635	575.3
TFCN_25-335P-1	1287	20819154	500	154319	7996	16176.50	184	33901	601	9573	66.95	NA	6	13	94.4	94.3	0.1	3.1	2.5	1764	8945594	8728352	63.3
TFCN_25-335Y-1	316	19689589	502	790248	15653	62308.83	33	176764	111	54359	60.59	NA	13	16	95.3	95.2	0.1	1.1	3.6	1764	16870062	11453765	87.8
TFCN_25-337M-3	323	19634176	522	607397	27285	60786.92	41	154926	134	43184	60.59	NA	15	14	94.7	94.6	0.1	1.5	3.8	1764	3068258	2855171	21.8
TFCN_25-337Y-1	136	18444920	501	786123	25025	135624.41	17	418411	47	122065	60.57	NA	14	15	90.0	89.9	0.1	1.0	9.0	1764	95458854	76187337	623.7
TFCN_25-395P-1	176	19747521	505	1546415	14131	112201.82	14	423280	51	99410	60.03	NA	11	19	96.1	96.0	0.1	1.2	2.7	1764	77567098	64482194	493.1
TFCN_270H-2	224	19816660	515	755730	17961	88467.23	24	255000	79	79381	60.57	NA	16	14	95.6	95.5	0.1	1.1	3.3	1764	5670068	5047432	38.2
TFCN_273H-1	213	19444492	510	791639	16310	91288.69	22	290656	70	68969	60.59	NA	16	14	94.3	94.3	0.0	1.0	4.7	1764	24879444	19630016	152.4
TFCN_2M-1-4	187	19462617	515	859702	11247	104078.17	18	355919	60	86570	60.59	NA	17	13	94.4	94.3	0.1	1.0	4.6	1764	7713380	6932116	53.4
TFCN_33A-4	209	19883681	500	1602077	9263	95137.23	14	426577	57	92449	60.00	1	15	18	96.3	96.2	0.1	1.2	2.5	1764	58668336	49677148	377.3
TFCN_340-1	167	19453738	510	1214422	11192	116489.45	16	364278	49	114282	60.59	1	13	19	94.5	94.5	0.0	0.9	4.6	1764	60534044	48786781	378.7
TFCN_340-3	150	19457224	504	1214407	16464	129714.83	15	463002	45	122057	60.59	1	12	20	94.5	94.5	0.0	0.9	4.6	1764	12538908	11083174	85.4
TFCN_342-2	108	20906552	524	1757878	76113	193579.19	13	567052	43	133996	64.20	1	12	12	98.0	97.9	0.1	0.8	1.2	1764	90379346	82372671	594.9
TFCN_342-3	198	19895519	515	793862	14190	100482.42	20	331784	64	89616	60.57	NA	14	16	95.8	95.6	0.2	1.0	3.2	1764	7013464	6257169	47.2
TFCN_357-1	110	19550934	506	1127915	23347	177735.76	13	567933	35	181616	60.63	1	20	13	97.3	97.3	0.0	0.7	2.0	1764	61640404	58462372	451.5
TFCN_363-1-2	255	19899179	504	720594	30917	78036.00	31	208793	100	54362	60.57	NA	12	20	96.0	95.9	0.1	1.2	2.8	1764	3468454	3084644	23.3
TFCN_3M-1-1	7961	27173203	481	907325	889	3413.29	46	111988	3871	906	60.53	NA	16	22	87.8	84.2	3.6	2.0	10.2	1764	28995406	20319635	112.9
TFCN_404D-1	1043	39510877	500	294625	20672	37881.95	150	80417	486	24135	60.30	NA	31	30	96.2	27.0	69.2	1.6	2.2	1764	7428832	6603788	25.1
TFCN_43A-0-22	189	20867047	504	1207019	31732	110407.66	20	337475	67	79722	64.20	NA	18	13	97.8	97.8	0.0	0.7	1.5	1764	5565848	5471900	39.3
TFCN_43A-4	200	20927309	500	804245	5558	104636.54	17	379079	55	116455	64.19	NA	16	15	97.9	97.8	0.1	0.8	1.3	1764	68994628	60764880	438.4
TFCN_48A-10	121	20787493	505	1186960	84353	171797.46	14	387881	51	119594	64.24	1	15	16	98.0	98.0	0.0	0.7	1.3	1764	7873696	7783473	56.2
TFCN_48A-15	168	20868436	503	1074587	8707	124216.88	14	532716	49	120764	64.21	1	13	18	98.1	98.0	0.1	0.6	1.3	1764	67203222	61097800	442.1
TFCN_48A-2	88	20791067	561	1609146	112206	236262.12	11	599836	36	194922	64.24	1	14	18	98.1	98.1	0.0	0.6	1.3	1764	11041666	10920144	78.8
TFCN_48A-3	124	20788228	505	1237308	49459	167647.00	14	466237	45	147195	64.24	NA	14	17	97.9	97.9	0.0	0.6	1.5	1764	103455282	97700122	709.7
TFCN_48C-3	118	20786719	507	1417952	74742	176158.64	17	387856	50	119640	64.24	NA	16	15	98.0	98.0	0.0	0.7	1.3	1764	5466516	5360411	38.7
TFCN_48D-10	196	20785756	505	907315	55753	106049.78	27	222162	89	65667	64.24	NA	10	21	97.6	97.6	0.0	1.0	1.4	1764	28454704	26323072	191.2
TFCN_48D-4	123	20790533	505	1228413	69820	169028.72	16	402897	48	139533	64.24	NA	19	13	97.8	97.8	0.0	0.7	1.5	1764	7164798	7067285	51.0
TFCN_49A-1	169	20867985	503	1649796	8565	123479.20	15	387582	51	135789	64.21	NA	14	17	97.9	97.8	0.1	0.7	1.4	1764	91419312	84213598	609.4
TFCN_4M-1-2	176	18596267	501	823112	9041	105660.61	19	352327	54	94094	60.56	NA	14	14	90.4	90.4	0.0	1.2	8.4	1764	13436996	11369965	91.7
TFCN_4M-1-3	175	19499295	501	793177	24109	111424.54	19	348146	59	101266	60.60	NA	16	15	94.8	94.8	0.0	0.8	4.4	1764	35620154	27840124	215.6
TFCN_4M-1-4	217	19585954	515	675964	26314	90257.85	25	250065	78	81121	60.58	NA	17	13	94.9	94.8	0.1	1.0	4.1	1764	6117230	5507337	42.2
TFCN_4M-1-5	155	19407481	501	828501	11243	125209.55	18	404570	50	122043	60.60	NA	21	10	94.4	94.4	0.0	0.9	4.7	1764	68726286	56697602	441.1
TFCN_54D-1	562	39243416	500	938773	15651	69828.14	56	208520	191	55602	60.30	1	29	30	97.4	20.0	77.4	0.7	1.9	1764	49915866	40452814	155.7
TFCN_54D-2	163	18967869	522	1325422	21343	116367.29	17	403285	54	114528	60.55	1	11	20	92.0	91.9	0.1	1.0	7.0	1764	10410616	9370918	74.1
TFCN_7-9-2	6616	23966838	500	231157	1078	3622.56	456	10798	3376	1057	66.44	NA	8	8	83.3	82.2	1.1	9.1	7.6	1764	9051206	8745807	54.7
TFCN_7-9-3	8078	24452724	500	355076	1062	3027.08	597	7891	4581	950	66.49	NA	9	10	76.3	75.1	1.2	13.8	9.9	1764	14562510	14159037	86.9
TFCN_7W-292-3	181	19235260	540	871300	22363	106272.15	20	311662	64	96976	62.03	NA	15	13	94.5	94.2	0.3	1.7	3.8	1764	5697646	4737821	36.9
TFCN_83C-1	105	17429043	518	1522121	57336	165990.89	11	544259	40	111755	63.52	NA	11	19	97.0	96.9	0.1	0.7	2.3	1764	95130566	90351748	782.8
TFCN_86A-12	218	19678667	516	675954	23001	90269.11	24	274960	75	72259	60.58	NA	16	15	95.0	95.0	0.0	1.1	3.9	1764	4937636	4340658	33.1
TFCN_86A-3	290	19823791	502	790242	24808	68357.90	35	182037	108	53997	60.58	NA	18	13	96.0	95.9	0.1	1.1	2.9	1764	17400508	13110998	99.9
TFCN_86A-6	170	17425184	511	963990	48621	102501.08	19	257118	75	58283	63.57	NA	16	10	96.6	96.5	0.1	0.8	2.6	1764	4083390	3884640	33.4
TFCN_86A-8	106	17394769	515	1094861	53649	164101.59	13	414978	41	127588	63.54	1	18	14	96.9	96.8	0.1	1.0	2.1	1764	45029408	36872621	320.1
TFCN_86C-10	120	17379194	502	1390917	54236	144826.62	13	417965	45	118145	63.53	NA	13	17	96.8	96.7	0.1	0.9	2.3	1764	53813608	47221521	410.3
TFCN_86C-7	221	20832697	500	615284	18995	94265.60	25	304619	70	76160	68.48	NA	12	20	98.7	98.6	0.1	0.4	0.9	1764	14482646	14112324	101.6
TFCN_86C-9	100	17395316	507	1086469	67011	173953.16	12	513142	40	120009	63.54	1	14	18	96.9	96.8	0.1	0.9	2.2	1764	58980974	50422655	437.7
TFCN_89D-3	286	20007491	504	564871	25998	69956.26	36	177414	111	54473	60.57	NA	17	12	96.5	96.4	0.1	1.2	2.3	1764	3392324	2995405	22.5
TFCN_98A-10	171	19464785	501	828453	16523	113829.15	19	351683	55	94094	60.59	NA	15	14	94.4	94.4	0.0	1.0	4.6	1764	66267376	54221492	420.6
TFCN_98A-5	192	19434845	512	828458	20524	101223.15	20	337541	62	87105	60.56	NA	20	11	94.3	94.3	0.0	1.0	4.7	1764	7833072	7296188	56.3
TFCN_98C-3	217	19399897	500	790229	22678	89400.45	25	241223	77	81512	60.59	NA	17	14	94.1	94.1	0.0	1.1	4.8	1764	5948848	5446719	42.1
TFCN_98C-5	968	20020795	500	791628	600	20682.64	21	323122	75	55604	60.60	NA	19	12	94.5	94.3	0.2	1.4	4.1	1764	34368016	25367566	191.3
TFCN_98C-7	197	19546948	522	828456	22638	99223.09	22	292262	67	80433	60.59	NA	18	11	94.7	94.7	0.0	1.1	4.2	1764	7256362	6337286	48.6
TFCN_98C-8	174	19405165	501	791635	26362	111523.94	19	341477	59	86361	60.60	NA	17	14	94.3	94.3	0.0	0.9	4.8	1764	72588730	60154749	468.1
TFCN_98D-11	208	19788362	515	904908	27002	95136.36	22	290121	73	76632	60.58	NA	14	17	95.7	95.6	0.1	1.0	3.3	1764	6021040	5247599	39.8
TFCN_98D-7	179	19404032	510	791630	28328	108402.41	20	331566	63	93421	60.59	NA	15	17	94.2	94.1	0.1	1.0	4.8	1764	35251846	29136451	226.7
TFCN_98D-9	205	19398946	520	792398	24967	94629.00	24	267142	71	87227	60.59	NA	15	17	94.0	93.9	0.1	1.2	4.8	1764	5794410	5245677	40.6
TFCN_S22D-1	93	19557267	507	915114	59724	210293.19	14	571091	33	248504	60.63	NA	15	18	97.3	97.3	0.0	0.5	2.2	1764	11276036	11077314	85.0
VS_AB_II_KN_2	136	18668919	502	1848945	8335	137271.46	12	537784	39	125275	59.99	NA	15	16	90.2	90.1	0.1	1.5	8.3	1764	27159000	24166239	194.6
